epoch,rate/ratio,train_time,learning_rate,model,loss,train-acc,test-acc,auroc,aupr_success,aupr,fpr,aurc,eaurc,ece,nll,new_fpr
1,0.3,21.895217180252075,4.260372972928112e-05,wrn,0.3276207745075226,0.9428857142857143,76.02,86.66441099407798,95.46212540001406,64.04659370904398,63.84487072560467,68.07430715684478,36.70117094584155,10.1029671728611,9.81391191482544,64.18
2,0.3,15.73140549659729,4.585176717947822e-05,wrn,0.25426000356674194,0.9425714285714286,76.12,86.46477537890891,95.44138263681086,63.474861305196974,65.41038525963148,68.04805427289365,36.948434350874194,10.061885416507721,9.801508784294128,65.79
3,0.3,19.959449768066406,5.0386671381694734e-05,wrn,0.21929563581943512,0.9419142857142857,76.11,86.50744755489552,95.43348123128223,63.940468711592644,64.4202595228129,68.10481074800025,36.9778983427612,10.081334412097931,9.81271505355835,64.59
4,0.3,14.540348052978516,5.61961343338393e-05,wrn,0.1837325394153595,0.9417714285714286,76.05,86.53509461828075,95.4355090542782,64.28103175743591,65.55323590814196,68.23424150675761,36.943298225319054,10.032305121421814,9.799244999885559,65.72
5,0.3,23.350977420806885,6.326438880490065e-05,wrn,0.1996643841266632,0.9464,76.33,86.32312246133361,95.4403221761267,63.27393101478371,64.76552598225602,67.56853111438545,37.039021312033306,9.907738864421844,9.788625240325928,65.19
6,0.3,24.0943603515625,7.157225112816069e-05,wrn,0.2677721381187439,0.9435142857142857,76.3,86.3718720794554,95.44276787247811,63.34270147087684,65.44303797468355,67.61232285944911,37.00172285277899,9.98942255973816,9.7937673330307,65.65
7,0.3,24.465482711791992,8.10971732668152e-05,wrn,0.16521190106868744,0.9428857142857143,76.26,86.43995699543375,95.4669401490291,63.24820040982898,66.0067396798652,67.51419741070416,36.79529363734875,10.117842257022858,9.801529049873352,66.05
8,0.3,18.97470474243164,9.18133040106997e-05,wrn,0.21205680072307587,0.945,75.9,86.82992472077804,95.51095805517373,64.60600473654144,62.863070539419084,67.961243502356,36.2581512065149,10.30922383069992,9.826929569244385,63.11
9,0.3,12.89014720916748,0.00010369155913802434,wrn,0.17638905346393585,0.9440857142857143,76.22,86.4171710680362,95.44163120075059,63.65406004941546,65.68544995794785,67.80909582010044,36.981678471500345,9.987671673297882,9.819106459617615,65.81
10,0.3,17.674760341644287,0.00011669970035169716,wrn,0.2596950829029083,0.9459428571428572,76.21,86.3958292276507,95.43935942988891,63.69544009227415,66.20428751576293,67.85864499560464,37.00406645770539,10.028640925884247,9.810938239097595,66.58
11,0.3,26.836854934692383,0.00013080242277599614,wrn,0.19009685516357422,0.9453428571428572,76.0,86.5797423245614,95.4540107077537,63.86356638682713,65.41666666666667,68.22045095666992,36.792453690007775,10.177640616893768,9.86378014087677,65.83
12,0.3,29.40591549873352,0.00014596145077612076,wrn,0.2091771364212036,0.9457714285714286,76.05,86.75562308611931,95.52250202561635,64.16324318403372,64.21711899791231,67.53142205078764,36.24047876934909,10.323946177959442,9.836271405220032,64.26
13,0.3,27.027644872665405,0.00016213564184056094,wrn,0.20876334607601166,0.9434285714285714,75.99,86.7806867987573,95.50838756561397,64.7983214795305,63.93169512703041,67.77073352712179,36.315285996653486,10.391147434711456,9.824771285057068,64.01
14,0.3,26.56096339225769,0.0001792810982443419,wrn,0.22708405554294586,0.9451428571428572,76.11,86.39345445189898,95.41210780837959,63.488239915017054,64.08539137714526,68.30653375139397,37.17962134615493,10.236367583274841,9.905372858047485,64.55
15,0.3,24.683156728744507,0.00019735128619008337,wrn,0.2928622364997864,0.9456857142857142,76.1,86.58782212349969,95.47048593683321,63.6153379925307,64.01673640167364,67.8373554475716,36.68313742023498,10.27490496635437,9.89022672176361,64.39
16,0.3,23.393425703048706,0.00021629716210351795,wrn,0.24925276637077332,0.9468285714285715,76.17,86.51428263225725,95.4562804528624,63.89919700459225,65.3797733948804,67.79280563555099,36.82945110685662,10.244530439376831,9.882240295410156,65.59
17,0.3,19.970956325531006,0.00023606730574069412,wrn,0.24019016325473785,0.9461714285714286,76.1,86.49394102672656,95.44081340465819,63.44138720954513,64.56066945606695,68.09134752433228,36.93712949699567,10.346245765686035,9.905250072479248,64.85
18,0.3,16.915425777435303,0.00025660805974560296,wrn,0.1350618451833725,0.9461142857142857,76.18,86.56259623292661,95.47554260732402,63.8979629755618,65.91099916036943,67.60804093491251,36.67190009240161,10.228313505649567,9.897234439849854,66.08
19,0.3,17.70309090614319,0.0002778636752794625,wrn,0.21810714900493622,0.9447428571428571,76.07,86.61391120886248,95.46793534042001,63.81644935166759,65.27371500208943,67.9327185174039,36.696504773239155,10.31847894191742,9.879484176635742,65.52
20,0.3,27.334295511245728,0.00029977646332641063,wrn,0.2710730731487274,0.9501428571428572,75.86,86.81161619614556,95.48240690255547,65.13744769456979,64.16735708367854,68.28032250461423,36.46682338777325,10.489875823259354,9.898626804351807,64.33
21,0.3,27.133689641952515,0.0003222869512649549,wrn,0.18462257087230682,0.9493428571428572,76.29,86.18131694533484,95.39113874296518,62.256074682937246,66.63854913538592,68.09246870592536,37.454812421119186,10.312803089618683,9.934863448143005,66.77
22,0.3,28.78698706626892,0.0003453340442802366,wrn,0.22001804411411285,0.9462571428571429,76.19,86.39352898727562,95.43009316246163,62.564774065271536,65.01469970600589,67.98900970167922,37.080069418546785,10.384054481983185,9.911361336708069,65.48
23,0.3,27.927924394607544,0.0003688551911790233,wrn,0.1017579659819603,0.9459714285714286,75.98,86.28685646053927,95.35322166974086,62.49817973689484,65.98667776852622,69.12108072736798,37.638169773467276,10.414361208677292,9.989474415779114,66.4
24,0.3,27.346806287765503,0.00039278655415739966,wrn,0.24830324947834015,0.9468285714285715,75.97,86.60380537666515,95.44806505993073,63.665446739757044,65.00208073241781,68.33543894786587,36.825051409174414,10.559263080358505,9.950174689292908,65.21
25,0.3,24.668079376220703,0.0004170631820603986,wrn,0.2969417870044708,0.9480857142857143,75.81,86.82452743115158,95.5022100548741,64.43768729007944,63.12525837122778,68.26884279215922,36.31703853701937,10.620670765638351,9.955896735191345,63.21
26,0.3,24.61126446723938,0.0004416191866633321,wrn,0.2685924470424652,0.9474285714285714,75.94,86.57153151271588,95.44203122171075,63.90665758316067,66.29260182876143,68.47319142085131,36.880295142311326,10.522343218326569,10.00609040260315,66.42
27,0.3,20.450700044631958,0.0004663879214963862,wrn,0.19966018199920654,0.9483714285714285,76.04,86.5703672568431,95.47169709232824,63.712043112982265,66.73622704507513,67.99927386776469,36.68094609468769,10.58758944272995,9.984472393989563,67.11
28,0.3,17.018314838409424,0.0004913021627271393,wrn,0.22103619575500488,0.9477428571428571,75.95,86.53368352907523,95.40958422394307,63.95812723653946,64.9064449064449,68.68698008441409,37.12159988513612,10.618911683559418,10.020664930343628,65.11
29,0.3,18.671082019805908,0.0005162942916100755,wrn,0.24835766851902008,0.9506,75.83,86.69017772753558,95.43239456688131,64.51567762479587,64.54282167976831,68.76841051337531,36.871967873995295,10.678139328956604,10.06350040435791,65.12
30,0.3,20.628005743026733,0.000541296478007919,wrn,0.3723463714122772,0.9500285714285714,76.14,86.34496364948234,95.40300213104426,62.71469942817613,64.92036881810562,68.33311151919837,37.28803715388805,10.550400614738464,10.067586898803711,65.59
31,0.3,22.782674074172974,0.0005662408644866936,wrn,0.234659805893898,0.9490857142857143,75.93,86.50961015139181,95.41147406563613,64.0279084007435,64.93560448691316,68.72711972016121,37.106694194068396,10.751059651374817,10.120383501052856,65.06
32,0.3,22.25452160835266,0.0005910597504848729,wrn,0.3358013331890106,0.9511428571428572,76.05,86.58277503949576,95.45018251672602,64.24594180382671,64.8016701461378,68.11190515271838,36.82096187127983,10.586274415254593,10.008924007415771,65.09
33,0.3,14.880331993103027,0.0006156857760567633,wrn,0.37057551741600037,0.9483714285714285,76.0,86.52897203947369,95.41787722544952,64.2621352722122,64.375,68.49402343850315,37.066026171841,10.575708746910095,10.087478160858154,64.54
34,0.3,17.448452949523926,0.0006400521046914401,wrn,0.19801513850688934,0.9500571428571428,75.83,86.67340840526336,95.43444551867005,64.0420644893932,64.08771203971865,68.76032616033069,36.86388352095067,10.890550911426544,10.10887622833252,64.75
35,0.3,19.99758505821228,0.0006640926047110481,wrn,0.17614807188510895,0.9506285714285714,76.1,86.40689139482845,95.42139659550494,63.104983849403276,65.39748953974896,68.26241119021255,37.108193162875935,10.71227639913559,10.090278387069702,65.52
36,0.3,18.823622226715088,0.0006877420287561414,wrn,0.20026765763759613,0.9516,75.99,86.44754162451174,95.38076357294321,64.09328876086299,63.72344856309871,68.82003252743421,37.3645849969659,10.775362700223923,10.13828992843628,63.93
37,0.3,20.798964738845825,0.000710936190870934,wrn,0.1527651995420456,0.9513428571428572,76.08,86.22120451012665,95.34959661623651,62.653134473848525,66.5551839464883,68.9250450637432,37.71617636867086,10.574355721473694,10.105981826782227,66.64
38,0.3,21.182493925094604,0.0007336121407078332,wrn,0.20904721319675446,0.9527428571428571,76.01,86.27794855320315,95.33760024941381,63.53646528716691,64.52688620258441,69.14785849951,37.74729833875917,10.625070333480835,10.130661725997925,64.99
39,0.3,20.986815929412842,0.0007557083343784602,wrn,0.1713937222957611,0.9522571428571428,75.82,86.60141264441772,95.40242378337254,64.16641819979222,63.19272125723738,69.05122185051198,37.127104997818115,10.826531052589417,10.144507884979248,63.65
40,0.3,22.203325986862183,0.0007771648014874564,wrn,0.11790376901626587,0.9532857142857143,75.93,86.40147861025433,95.3568821522706,62.75857823714182,64.27087660988782,69.18044442714798,37.56001890105516,10.884162783622742,10.162510871887207,64.64
41,0.3,19.79002285003662,0.0007979233078957343,wrn,0.16619546711444855,0.9525142857142858,75.86,86.6697466946809,95.43108418568342,64.69912982029109,64.08450704225352,68.71178063811936,36.898281521278385,10.80496534705162,10.186340808868408,64.33
42,0.3,13.45410442352295,0.0008179275137714234,wrn,0.24799467623233795,0.9528857142857143,75.7,86.83467064598725,95.44928950705999,64.79104102016994,62.757201646090536,68.92804730345767,36.6708106407867,11.116473376750946,10.153449773788452,63.05
43,0.3,14.873350620269775,0.000837123126499557,wrn,0.26204952597618103,0.9534285714285714,75.85,86.32541070080836,95.31660533641993,63.6149800558507,63.14699792960663,69.68997328019711,37.848839507004904,10.817939043045044,10.192455053329468,63.52
44,0.3,21.48706555366516,0.0008554580480354842,wrn,0.17064225673675537,0.9542571428571428,75.69,86.52781629629919,95.37315769928738,64.04535551024509,65.65199506375977,69.62367440323928,37.33859193270311,11.027806252241135,10.227020978927612,65.9
45,0.3,29.58388066291809,0.0008728825163020902,wrn,0.31370237469673157,0.9544285714285714,75.68,86.46996399312896,95.33946483199635,64.41488226418346,65.37828947368422,69.9151226783731,37.60218118818688,11.062301695346832,10.261449813842773,65.54
46,0.3,28.536580562591553,0.0008893492402470591,wrn,0.20668570697307587,0.9543714285714285,75.73,86.5065076518508,95.3412869469233,64.78788462568501,62.87597857437165,69.74649319924492,37.572714706910205,11.00572943687439,10.233404636383057,63.33
47,0.3,28.729780435562134,0.0009048135281936266,wrn,0.1812068670988083,0.9568285714285715,75.64,86.5098152036394,95.34077046364852,64.34517518487397,63.8752052545156,69.99499093647401,37.57048121491616,11.27048060297966,10.3193998336792,63.92
48,0.3,25.54226303100586,0.0009192334091364728,wrn,0.13117597997188568,0.9562285714285714,75.63,86.53300783879101,95.3142520796599,64.96211422954084,63.52072219942553,70.19627733455752,37.743842508229406,11.272384226322174,10.29589295387268,63.77
49,0.3,21.85450053215027,0.0009325697466535491,wrn,0.16847531497478485,0.9549142857142857,75.84,86.35426435839133,95.31732880383633,63.755442870589974,65.72847682119205,69.71659675157855,37.84781513811945,11.001593619585037,10.278425216674805,65.85
50,0.3,19.977030754089355,0.0009447863451246747,wrn,0.2697223722934723,0.9578,75.83,86.41341707282326,95.33126797441356,63.842241435380444,64.74968969797268,69.60855325457696,37.71211061519694,11.127729713916779,10.326298475265503,65.04
51,0.3,21.884735107421875,0.0009558500479686223,wrn,0.1158786416053772,0.9551714285714286,75.54,86.81347933472618,95.41104048149303,65.61967721774676,62.46933769419461,69.63176014777223,36.927404166608085,11.30591332912445,10.313582420349121,62.71
52,0.3,20.775052070617676,0.0009657308276320689,wrn,0.28781524300575256,0.9534,75.22,87.09490900943995,95.41657139638384,66.51832994307696,62.14689265536724,70.31182824315381,36.70305962506058,11.749577522277832,10.399806499481201,62.67
53,0.3,22.11086082458496,0.0009744018670861768,wrn,0.2856002748012543,0.9548571428571428,75.53,86.66820941305065,95.32572426313664,64.9478536982605,63.62893338782182,70.33365161148778,37.60123822415139,11.341695487499237,10.395935773849487,63.79
54,0.3,21.09731125831604,0.0009818396326096187,wrn,0.4367806613445282,0.9560571428571428,75.56,86.44248151716502,95.30779357360615,63.68251836831287,65.34369885433715,70.47029948065877,37.82201859953242,11.274722963571548,10.413488149642944,65.38
55,0.3,20.22260093688965,0.0009880239376605098,wrn,0.1695021092891693,0.9555428571428571,75.79,86.63106316890422,95.41060116875242,64.92132491160436,64.60140437835605,69.06915671479123,37.06193808040327,11.199923604726791,10.34394383430481,64.85
56,0.3,19.593687295913696,0.0009929379976638937,wrn,0.23710545897483826,0.9568857142857143,75.47,86.7619231481628,95.35913451025795,65.01122113292539,63.5140644109254,70.21069640380482,37.30966048283971,11.467832326889038,10.355184078216553,63.72
57,0.3,12.5215904712677,0.000996568475566085,wrn,0.2983911335468292,0.9567428571428571,75.68,86.56591421984533,95.34578729449274,64.71684297215606,64.84375,69.82849493917779,37.515553448991575,11.411208659410477,10.446807146072388,65.05
58,0.3,14.720442771911621,0.0009989055180322345,wrn,0.19334374368190765,0.9576285714285714,75.6,86.71489558938329,95.38791847743605,64.92101299717677,64.79508196721312,69.69422153996346,37.157932058732136,11.392369866371155,10.333203077316284,65.0
59,0.3,19.315064430236816,0.0009999427821888703,wrn,0.3276977241039276,0.9579714285714286,75.42,87.01416359140104,95.45209680107114,65.74918494938511,62.16436126932465,69.5832539456091,36.54133487948244,11.685091257095337,10.392887592315674,62.57
60,0.3,11.260560035705566,0.0009999382902450456,wrn,0.2489873170852661,0.9575428571428571,75.49,86.76893175926259,95.38868745582143,64.66849065255393,65.32027743778049,69.9495228400377,37.10474741275522,11.544650793075562,10.42604684829712,65.4
61,0.3,10.954009771347046,0.0009996382920773807,wrn,0.14601998031139374,0.9594571428571429,75.68,86.55888909848949,95.35688637179346,63.93263968837832,63.85690789473685,69.75330727205092,37.44036578186471,11.335626244544983,10.382499694824219,63.98
62,0.3,11.16426944732666,0.0009990892089619314,wrn,0.11789124459028244,0.9586285714285714,75.85,86.2194780752575,95.27288298314187,63.47874291733482,64.96894409937887,70.05457113751434,38.21343736432215,11.172160506248474,10.439673662185669,65.13
63,0.3,11.016158819198608,0.0009982913146344956,wrn,0.31030991673469543,0.9612857142857143,75.79,86.34705486076743,95.29772555926553,63.903530892598646,64.84923585295333,69.97670131659437,37.96948268220642,11.312490701675415,10.441488027572632,64.97
64,0.3,10.484665632247925,0.000997245006871356,wrn,0.2318011373281479,0.9598285714285715,75.64,86.70296719227454,95.39940181337965,64.22031702207069,62.027914614121514,69.49055629337792,37.06604657182005,11.756981909275055,10.493911504745483,62.27
1,0.3,24.532363414764404,0.00025981093229687834,wrn,0.32244691252708435,0.9432,76.08,86.66257178678313,95.4808425732007,64.15006983036872,64.00501672240803,67.78566769902591,36.57679900395358,10.078959912061691,9.804006814956665,64.09
2,0.3,10.747841119766235,0.0004845446336808905,wrn,0.25785350799560547,0.9415142857142857,76.04,86.57587793174491,95.47015867680395,64.04113029792735,64.77462437395658,68.00066161667247,36.682333843595465,10.162202268838882,9.827206134796143,64.98
3,0.3,10.616623878479004,0.000717923537699085,wrn,0.24299338459968567,0.9416857142857142,75.95,86.52390031191874,95.42824801189522,64.16002893690087,64.53222453222453,68.54716078788687,36.981780588608906,10.319535434246063,9.87618625164032,64.7
4,0.3,10.58824110031128,0.0009030420719305878,wrn,0.19224022328853607,0.9408857142857143,75.85,86.65635427883572,95.4384841356187,64.0342475859481,63.14699792960663,68.67515502954785,36.834021256355655,10.421401262283325,9.878226518630981,63.48
5,0.3,10.897589921951294,0.0009947621541632407,wrn,0.19167912006378174,0.9448285714285715,76.21,86.36531411209234,95.42877080811347,63.17467251901314,63.976460697772175,67.93881321516913,37.08423467726988,10.120243579149246,9.882503747940063,64.27
6,0.3,10.562044382095337,0.000994357160503746,wrn,0.2748183310031891,0.9425714285714286,76.05,86.5127601196334,95.42434796585533,64.23802539973418,64.13361169102296,68.32661630872576,37.0356730272872,10.36272943019867,9.914087653160095,64.3
7,0.3,10.658587455749512,0.0009672236224419561,wrn,0.15511979162693024,0.9426285714285715,76.12,86.32118817946802,95.39843217953147,63.18490591602583,65.03350083752095,68.41033244758181,37.31071252556235,10.318142175674438,9.946096539497375,65.33
8,0.3,10.439518451690674,0.0009188314972516366,wrn,0.22386975586414337,0.9453142857142857,75.99,86.5563812156831,95.43898436425054,64.10082828822482,64.59808413161183,68.36527948821166,36.90983195774335,10.31341403722763,9.96095895767212,64.93
9,0.3,11.036953210830688,0.0008513826269715105,wrn,0.17951592803001404,0.9447428571428571,75.87,86.61461567163629,95.40978613822416,64.18396267040305,63.820969747202646,68.86993883904013,37.08406119637259,10.49915999174118,9.976147413253784,64.07
10,0.3,10.648561239242554,0.0007679459356767883,wrn,0.2504017651081085,0.9473428571428572,75.86,86.53172153998415,95.39434036690741,64.76254886262033,65.41010770505386,69.02375403274958,37.2102549159086,10.499800741672516,9.997026324272156,65.53
11,0.3,10.87610411643982,0.0006723177934120206,wrn,0.18785975873470306,0.9468571428571428,75.63,86.75962836804952,95.43520314375421,65.32966255087493,62.45383668444809,69.24082019471375,36.78838536838563,10.697172582149506,10.069408416748047,62.54
12,0.3,10.715641021728516,0.0005688492813271977,wrn,0.20868240296840668,0.9479714285714286,76.07,86.48046197140327,95.43860648715629,63.43095924140226,64.64688675302968,68.19768966621452,36.96147592204978,10.471605509519577,9.999836683273315,64.86
13,0.3,12.227036714553833,0.0004622482174546233,wrn,0.17836110293865204,0.9463142857142857,76.01,86.53897693086718,95.42817300200954,63.74097253023891,64.81867444768653,68.39748099053833,36.996920829787506,10.543175041675568,9.974585175514221,65.11
14,0.3,10.924293279647827,0.0003573649509551194,wrn,0.21542343497276306,0.9479714285714286,75.98,86.29759595353438,95.34668121616703,63.196623418086126,63.655287260616156,69.154855554606,37.67194460070529,10.600359737873077,10.077074766159058,64.2
15,0.3,10.903637647628784,0.00025897167119687275,wrn,0.2800321877002716,0.9491714285714286,76.07,86.42733497436848,95.40567171986771,63.40403991974838,64.93940660259089,68.4491541569379,37.21294041277315,10.47440618276596,10.064566135406494,65.11
16,0.3,13.097780466079712,0.00017154527310540081,wrn,0.24464724957942963,0.9513714285714285,76.11,86.4565914626772,95.41388608011594,63.782828341353614,64.75512766848054,68.27483005439261,37.14791764915357,10.53447276353836,10.04274845123291,64.92
17,0.3,12.773602724075317,9.906365841274918e-05,wrn,0.22463274002075195,0.9516,76.07,86.48458204665673,95.42641083903278,63.543368718659856,64.93940660259089,68.27964004708508,37.043426302920345,10.593780130147934,10.040647983551025,65.23
18,0.3,11.13392424583435,4.482474110052489e-05,wrn,0.12105262279510498,0.9510285714285714,76.08,86.54525336822003,95.4386709456728,64.18317298101995,63.83779264214047,68.1364095917865,36.92754089671417,10.599060356616974,10.053967237472534,63.88
19,0.3,11.05127239227295,1.129639229038641e-05,wrn,0.20881031453609467,0.9518571428571428,76.05,86.49149622748466,95.4155588519751,63.654185428464615,64.38413361169101,68.40909226306928,37.118148981630725,10.49724817276001,10.016918182373047,64.68
20,0.3,11.107092380523682,4.152090539255902e-09,wrn,0.2620469629764557,0.9551428571428572,75.95,86.6032226585222,95.42888347350778,64.41551302891956,63.61746361746362,68.51699724660203,36.95161704732407,10.577943921089172,10.020620822906494,63.99
1,0.5,12.840301990509033,0.0002599038114995634,wrn,0.4608648419380188,0.92376,75.77,86.83810035921753,95.46057813866062,65.2252154742399,62.89723483285184,68.65651802494834,36.59383223390035,10.286914557218552,9.873384833335876,63.06
2,0.5,9.008175134658813,0.0004847099593463563,wrn,0.27663654088974,0.92468,75.98,86.55217125151695,95.42672933378944,64.48636491467255,64.61282264779351,68.47281041686914,36.98989946296842,10.10618507862091,9.865396618843079,65.11
3,0.5,8.109142780303955,0.0007181248863647723,wrn,0.48142585158348083,0.92416,76.05,86.47687558591686,95.44297942993167,63.21103359013625,65.8455114822547,68.21137787379372,36.920434592355164,10.1128488779068,9.84689176082611,65.93
4,0.5,8.091761350631714,0.0009032085175409119,wrn,0.37879663705825806,0.92816,75.88,86.56947810149742,95.45163425231273,63.2027053497601,65.54726368159204,68.56149359314318,36.803224244208856,10.36519855260849,9.912745356559753,65.67
5,0.5,7.719799518585205,0.0009948108876277673,wrn,0.5439315438270569,0.92772,75.93,86.62811849039231,95.4650695862725,63.542867743840326,64.02160365600332,68.30854154894021,36.688116022847396,10.369682312011719,9.88291621208191,64.19
6,0.5,7.980482816696167,0.0009943338857936372,wrn,0.499756395816803,0.92932,75.84,86.75027058970434,95.48392824953528,64.49418421493681,64.23841059602648,68.35049481652045,36.48171320306135,10.400339961051941,9.933780431747437,64.49
7,0.5,8.19668698310852,0.0009671683332350962,wrn,0.3356976807117462,0.93016,75.62,87.05813999404212,95.53849121230499,66.01772505671136,61.97703035274815,68.4069788251622,35.9266056717975,10.721156746149063,9.953263401985168,62.31
8,0.5,7.8361430168151855,0.0009187467092073294,wrn,0.3695778250694275,0.93404,76.06,86.38010795241236,95.41409140569938,63.30478926000054,65.62238930659984,68.42868526522598,37.16511332618193,10.368461906909943,9.97371792793274,65.83
9,0.5,7.641906261444092,0.0008512721979463719,wrn,0.5178815126419067,0.93048,76.11,86.20267673427001,95.37980708160596,62.25480324712209,65.88530766010882,68.62340281891795,37.496490413678906,10.287262499332428,9.988486170768738,66.6
10,0.5,7.799866437911987,0.0007678148901922438,wrn,0.3323971927165985,0.9326,75.72,86.63760899211609,95.41314731739512,63.76657231608878,64.57990115321252,69.22511578041303,37.02353110509819,10.692578554153442,10.048437118530273,64.7
11,0.5,7.7492516040802,0.0006721720940385447,wrn,0.259568989276886,0.93368,75.87,86.485894716741,95.40343636983751,64.22186127622209,63.820969747202646,68.94932234441552,37.16344470174797,10.479381680488586,10.005568265914917,64.32
12,0.5,8.18503189086914,0.0005686955573873149,wrn,0.4716750681400299,0.93544,75.67,86.67076921439063,95.40077090200128,64.92641837889187,63.830661734484174,69.41594847569078,37.075134752323756,10.676325857639313,10.032910108566284,64.45
13,0.5,7.558767080307007,0.0004620934633886866,wrn,0.31573790311813354,0.93496,75.99,86.35709317283961,95.37610456340842,63.999580253724666,64.38983756768013,68.88724232694165,37.43179479647333,10.51589772105217,10.059633255004883,64.68
14,0.5,7.841098785400391,0.00035721620807422434,wrn,0.3365057110786438,0.93944,75.85,86.56843421212454,95.44357212424686,63.58361792557679,65.5072463768116,68.6861671318487,36.84503335865651,10.5299212038517,9.999223351478577,65.88
15,0.5,8.155004978179932,0.00025883570730315285,wrn,0.23770642280578613,0.93668,76.16,86.25672650037363,95.40016893027325,62.23225070501256,66.56879194630872,68.333869962974,37.343288619567886,10.22924929857254,9.963010549545288,66.86
16,0.5,7.86733341217041,0.00017142827455698305,wrn,0.3962247967720032,0.9376,75.69,86.60283162626311,95.37963474238636,64.73081614474864,64.50020567667627,69.54409139144862,37.25900892091246,10.687548667192459,10.087136030197144,64.71
17,0.5,8.252377271652222,9.897094864441462e-05,wrn,0.3079081177711487,0.93868,75.88,86.49986919645316,95.402688117776,63.51539384607581,63.76451077943616,68.92816468428371,37.16989533534938,10.428009182214737,10.003762245178223,64.22
18,0.5,8.008815050125122,4.476053840738906e-05,wrn,0.2502838969230652,0.94052,75.68,86.69339327813788,95.40689220159405,65.13297020883837,63.651315789473685,69.3339260728157,37.020984582629495,10.661548376083374,10.040950775146484,63.86
19,0.5,7.744369268417358,1.1263617895441404e-05,wrn,0.2875392436981201,0.94264,75.91,86.63274696789512,95.4432318292308,64.50984767637297,64.00996264009963,68.50482902878426,36.8293054957758,10.50550565123558,9.999277591705322,64.47
20,0.5,7.559659004211426,4.297228987217659e-09,wrn,0.23386231064796448,0.93852,76.01,86.3467400984239,95.37364966915551,63.31600339398998,65.23551479783242,68.86396221900549,37.46340205825466,10.476048290729523,10.056326389312744,65.49
1,0.7,10.696753978729248,0.00026011969879392036,wrn,0.4931753873825073,0.8906,75.85,86.53714766121976,95.3895924791114,63.78034733040279,65.09316770186335,69.08795373057308,37.246819957380886,10.110381245613098,9.935922026634216,65.22
2,0.7,4.898085355758667,0.00048509416177340125,wrn,0.5919618010520935,0.8954666666666666,75.74,86.4697610670078,95.34320388933789,63.163438617750444,66.52926628194558,69.73644570621393,37.59046019205275,10.286133736371994,9.95707392692566,66.69
3,0.7,4.901800870895386,0.000718592621020989,wrn,0.504050612449646,0.8982,75.84,86.18214954976668,95.29660204970027,63.43600511114453,64.61092715231787,69.91284835225136,38.04406673879225,10.111098736524582,9.92286205291748,64.78
4,0.7,5.797256231307983,0.0009035948158480733,wrn,0.5766780972480774,0.9008,75.64,86.4182701700823,95.32567199041286,64.62363384496194,66.0919540229885,70.13066095354796,37.7061512319901,10.154449939727783,9.950634837150574,66.26
5,0.7,4.988390207290649,0.0009949232602404106,wrn,0.564680278301239,0.9018666666666667,75.58,86.61736082350002,95.34716397185532,65.40257372170262,63.67731367731368,70.04822480598374,37.45596608683218,10.507398098707199,10.000447034835815,63.92
6,0.7,4.843634128570557,0.0009942796574345313,wrn,0.6815058588981628,0.9060666666666667,75.45,86.64763084763652,95.35799352551145,65.15954334436637,63.543788187372705,70.30053616744841,37.34318675160758,10.549458861351013,10.010342597961426,63.58
7,0.7,5.062520742416382,0.0009670397762294431,wrn,0.3568463623523712,0.9104,75.66,86.42173197961473,95.30257465922041,63.89232386776147,65.11914543960559,70.24544406022854,37.87674488840387,10.35933867096901,10.05070447921753,65.28
8,0.7,4.852492570877075,0.000918549672899796,wrn,0.3229098320007324,0.9079333333333334,75.58,86.26080072229847,95.23105839779899,63.35429328054239,66.13431613431612,71.03628172908296,38.4440230099314,10.524459183216095,10.102365016937256,66.26
9,0.7,4.935522556304932,0.000851015647490346,wrn,0.4951647222042084,0.9114,75.67,86.46825175031807,95.31990936034525,64.69517406542322,65.22811344019729,70.07613465197075,37.73532092860373,10.359106957912445,10.030614137649536,65.47
10,0.7,4.922345161437988,0.0007675104986352906,wrn,0.4369699954986572,0.9152666666666667,75.28,86.73756863266028,95.3410688729641,65.13364841384205,63.3495145631068,70.838557776745,37.4004017439611,10.735298693180084,10.124684572219849,63.79
11,0.7,5.008648157119751,0.0006718337111986604,wrn,0.5152299404144287,0.9158666666666667,75.4,86.53208902115546,95.3099330883305,64.21555207658508,64.8780487804878,70.83627066621489,37.737905540747334,10.731728374958038,10.12417197227478,65.12
12,0.7,5.295801877975464,0.0005683385796861095,wrn,0.6505924463272095,0.9167333333333333,75.39,86.41477698064067,95.2499051574758,64.17210970241258,65.74563185696871,71.3385701748721,38.211962126714184,10.710126161575317,10.182751417160034,65.87
13,0.7,5.659933567047119,0.00046173413331409213,wrn,0.438383013010025,0.9196666666666666,75.36,86.54077042748918,95.29544078619455,64.3842736995538,65.13798701298701,71.04188585490078,37.83046944548052,10.578131675720215,10.094621181488037,65.26
14,0.7,5.56882643699646,0.0003568708751471784,wrn,0.8656943440437317,0.9214,75.34,86.50695920585801,95.26645823214692,64.24978079387984,65.45012165450122,71.32216688084436,38.054145218653915,10.702115297317505,10.160095691680908,65.57
15,0.7,4.648252964019775,0.0002585200841742806,wrn,0.32817044854164124,0.9194,75.22,86.60324656498592,95.27425518912796,64.68923410161034,64.56820016142049,71.53144569615485,37.92267707806162,10.662780702114105,10.15392541885376,64.89
16,0.7,4.658681154251099,0.00017115672208088217,wrn,0.40962350368499756,0.9219333333333334,75.29,86.70155420623958,95.33357160604288,64.69991183704641,64.26547956292998,70.87978998702054,37.47002288173149,10.959041863679886,10.175384283065796,64.67
17,0.7,5.045059680938721,9.875582246067049e-05,wrn,0.7200071215629578,0.9245333333333333,75.44,86.3503143123858,95.24171752551703,63.69080318485323,67.38599348534203,71.29419299587377,38.30866695275748,10.651157796382904,10.163450241088867,67.63
18,0.7,4.778782367706299,4.4611626758884725e-05,wrn,0.5882378220558167,0.9250666666666667,75.38,86.61117815416245,95.31376339394157,64.76867016714435,64.58164094232332,70.82593585713114,37.67107162192419,10.661360621452332,10.12222409248352,64.7
19,0.7,4.717144966125488,1.118769626323797e-05,wrn,0.6537511944770813,0.9276666666666666,75.33,86.66783326717396,95.32843157358263,64.81986634857616,64.00486420753953,70.82536267922804,37.529018481790715,10.857781767845154,10.154578685760498,64.41
20,0.7,4.685814142227173,4.820047887266966e-09,wrn,0.5310643315315247,0.9267333333333333,75.37,86.61743761228608,95.32313425352282,64.1644577979582,64.35241575314657,70.78642925690583,37.603295568531465,10.701289772987366,10.074236392974854,64.76
