epoch,model,loss,tesst-acc,auroc,aupr_success,aupr,fpr,aurc,eaurc,ece,nll,new_fpr
1,resnet18,3.7624237537384033,12.06,71.18010885606839,30.00273043593447,93.73325678376607,85.61519217648397,784.0672951671633,159.769580126663,2.190397121012211,36.89496040344238,85.82
2,resnet18,3.247926712036133,17.94,71.54998273281291,40.269439514056124,90.85145609169503,83.00024372410432,691.5472071389769,179.1810440257019,5.675344541668892,34.15821075439453,83.5
3,resnet18,2.909147024154663,25.36,73.57512167763838,54.659873917195455,87.33210815414628,81.4978563772776,569.716062785197,171.25451629307221,8.347930014133453,30.42219638824463,81.61
4,resnet18,2.4273271560668945,33.38,74.95868512992048,63.75954484231837,83.20310377433321,81.58210747523268,464.2111228857369,164.2609116621564,6.984873116016388,25.72340726852417,81.64
5,resnet18,2.2214174270629883,40.3,76.78409832454248,71.94796321067247,80.56566264161944,77.82244556113903,375.32561934703364,144.57956231232166,7.0755332708358765,22.902772426605225,78.09
6,resnet18,2.062657594680786,43.92,78.07712001979998,75.51303469987714,79.64438833506274,76.06990014265335,332.50750813329853,133.08143888846823,4.808177426457405,20.953450202941895,76.14
7,resnet18,2.0672264099121094,48.17,79.93949174556268,80.83445871133496,78.4820619260095,74.66718116920703,277.7861918620577,111.3361366292076,5.131800472736359,18.950581550598145,74.84
8,resnet18,1.9906409978866577,44.14,80.047457062619,78.82814906775863,80.78757960747315,74.52559971356963,312.98936161777186,115.36795238717562,9.53393504023552,21.287004947662354,74.62
9,resnet18,1.6843360662460327,46.22,80.07929198222352,79.19792958977564,79.95085061625144,71.3276310896244,297.5322120156477,116.43856601941394,11.229285597801208,20.915851593017578,71.89
10,resnet18,1.299041509628296,50.03,81.09129919286772,83.37183296758097,77.65032917064218,74.4046427856714,252.6557996119078,99.43724406404309,6.60487487912178,18.778241872787476,74.66
11,resnet18,1.3296291828155518,50.09,79.53529969437099,81.9380716622325,76.20016280053827,75.09517130835503,261.4938720168378,108.69048524487751,10.70176362991333,18.760796785354614,75.2
12,resnet18,1.614567756652832,54.42,81.6334293315169,85.32874353804955,76.0743051892865,72.61956998683632,217.35279538575335,92.66500130862715,4.891207069158554,16.680281162261963,72.86
13,resnet18,1.5711472034454346,50.13,79.6063861391703,81.73974357283697,76.29377351779787,74.71425706837779,262.1222475343261,109.5952406117922,10.89744046330452,19.701772928237915,74.79
14,resnet18,1.3428664207458496,51.97,80.5556493678527,83.71678435706488,75.8274088099908,77.36831147199666,240.40539870251686,100.25089725865178,10.437755286693573,18.14278483390808,77.45
15,resnet18,1.2451517581939697,49.95,80.84534084534084,82.62673671164787,77.68442997918964,74.44555444555444,257.08525149935036,103.31201810566803,10.11740192770958,19.598970413208008,74.63
16,resnet18,1.3489147424697876,53.88,81.74087794919939,85.55549230315445,76.1873189128687,72.05117085862966,218.92838382697317,90.9281414264393,9.515415132045746,17.029558420181274,72.42
17,resnet18,1.5732256174087524,53.9,80.87278401796529,84.90733706589756,74.65489961161799,75.01084598698482,223.26482810942954,95.38823076085195,8.68794471025467,17.178088426589966,75.34
18,resnet18,1.634466528892517,53.14,81.21235854813648,84.93247877382694,76.11357266429344,73.17541613316261,226.84672427570914,94.21919081753283,10.264862328767776,18.001914024353027,73.41
19,resnet18,1.0755923986434937,52.22,79.02862386794833,82.2619741851812,74.25976769289248,76.20343239849309,248.43336256839092,109.90911655126503,13.780124485492706,18.704984188079834,76.37
20,resnet18,1.0641179084777832,48.76,80.55993758401166,81.78864195784024,78.27859374208302,75.05854800936767,268.70490415853794,106.52842231699799,10.888251662254333,20.650432109832764,75.23
21,resnet18,1.2360258102416992,57.02,80.52302066707263,85.48810946161727,72.81886500692615,73.82503489995347,204.6616166548116,95.18178870234459,7.248198986053467,16.059049367904663,74.13
22,resnet18,1.333400845527649,55.99,81.88280935517788,86.3384206232025,75.05813890366441,72.16541695069303,203.59644109459302,88.23680765761239,9.819231182336807,16.738699674606323,72.23
23,resnet18,1.4730347394943237,53.68,82.0022770547143,85.47835976497595,77.41754696934355,69.23575129533678,220.09691246702172,90.85613184370195,9.684654325246811,17.581239938735962,69.49
24,resnet18,1.2544816732406616,51.16,80.19071585089958,82.57767203896745,76.30329929086147,75.55282555282555,251.20708971650464,105.68765598284774,13.011117279529572,19.43840265274048,75.76
25,resnet18,1.4681228399276733,56.15,81.44828510535898,86.13911621226293,73.99200466817135,72.58836944127708,204.3366054012262,89.9026833484696,9.53410193324089,16.71028733253479,72.79
26,resnet18,1.5106037855148315,54.07,81.68523308702531,85.43596257472485,76.22079418362833,72.39277160897018,218.6004792036041,91.77187128227615,9.644808620214462,17.391234636306763,72.61
27,resnet18,1.2932651042938232,53.75,80.30738101822753,84.15366252259014,74.33372571287666,74.70270270270271,228.70000462564,99.89425857756157,10.49368530511856,17.821463346481323,74.85
28,resnet18,1.207184076309204,54.49,81.09413837562659,85.16541013454399,74.8615579460467,73.72006152493957,218.5236270611265,94.26128989161819,10.393965244293213,17.33803153038025,73.92
29,resnet18,1.278906226158142,54.81,81.42840428172093,85.69504393125825,74.62865057669796,72.56030095153795,213.6507579845891,91.3219324949584,11.258161813020706,17.77565598487854,72.63
30,resnet18,1.014175295829773,56.8,80.46164661580595,85.9567243270231,72.18928617251456,75.60185185185185,203.22665128694942,92.50668391518927,10.092739015817642,16.336413621902466,75.9
31,resnet18,1.545469045639038,54.51,81.93490365352119,85.85707448467643,76.4890371175832,69.24598812925917,213.74752128363917,89.60657801211686,11.055772006511688,17.85037875175476,69.55
32,resnet18,1.1753284931182861,57.43,81.69809813509524,86.96236348148828,73.46004562708816,71.48226450552032,193.23251134853285,86.04122737808912,10.477222502231598,16.117732524871826,71.88
33,resnet18,1.392181634902954,51.89,79.73142344707811,82.65562565639425,75.97224842776284,74.82851797963002,247.31762176449894,106.63890141902004,13.445639610290527,19.11953568458557,75.1
34,resnet18,1.2503330707550049,55.12,81.97460200269579,86.00337397258465,75.79822502439548,70.20944741532978,209.72105759633578,89.24750427295349,12.366539239883423,17.217668294906616,70.48
35,resnet18,1.196082353591919,58.61,82.53213210826527,88.00627441285003,73.2996329185743,73.64097608117903,180.90879529018358,80.14142709858909,7.692594826221466,15.279324054718018,73.79
36,resnet18,1.0902758836746216,58.18,83.13494960066377,88.3198666155876,74.67471641214303,70.25346724055476,180.59119829868987,77.51067875214854,8.987752348184586,15.788068771362305,70.42
37,resnet18,1.260216236114502,54.12,82.64934924553334,86.45867258734647,77.41550133917721,69.46381865736704,211.85936143121143,85.33796774060626,12.763676047325134,17.99453854560852,69.57
38,resnet18,1.106623888015747,56.95,81.94522366645967,86.87255699479329,74.02293130160345,72.93844367015099,195.84238224517645,85.96888677122213,9.657928347587585,16.193126440048218,73.22
39,resnet18,1.224288821220398,56.65,81.09939520172328,86.17024541342361,73.36149795422664,72.6874279123414,202.07621199085506,90.50581144907916,11.500751227140427,16.5462064743042,73.06
40,resnet18,0.9146977663040161,54.81,80.56762020714984,84.83237194786977,74.19819048132771,74.15357379951317,219.24428313624648,96.91545764661578,12.442928552627563,17.63756275177002,74.24
41,resnet18,1.381571650505066,55.03,81.88818794171783,86.15113474478527,75.47076907840356,72.69290638203246,209.5284064348158,88.51802614732385,11.268678307533264,17.15425968170166,72.76
42,resnet18,1.228393793106079,55.61,81.20881275030352,85.79455316477545,73.97457177998032,74.31854021175941,209.2136076853711,91.63706090232196,11.901797354221344,17.29886770248413,74.57
43,resnet18,1.022014856338501,59.03,83.36744044999563,88.88721987989182,74.5177272154773,69.14815718818647,173.1325623286603,74.59409372162202,11.048026382923126,15.484859943389893,69.39
44,resnet18,1.0833985805511475,57.25,82.93895145432724,87.99808391161102,75.57392458463829,71.41520467836257,187.1190854534711,78.92669163798857,11.356418579816818,16.67910933494568,71.56
45,resnet18,0.971187949180603,56.97,82.97399249275654,87.59480878666919,76.08906844481315,68.02231001626772,190.65211864315074,80.89118735400064,10.392649471759796,16.471587419509888,68.14
46,resnet18,0.967156708240509,56.84,81.95734543218074,86.99403281115634,74.51038665984686,70.48192771084338,195.6833261198488,85.1894714801732,11.154858767986298,16.82815194129944,70.74
47,resnet18,1.0851929187774658,57.44,82.06164089825016,87.21438056360721,73.99201048922002,71.07612781954887,191.40170442008124,84.26587208100294,9.230923652648926,16.063106060028076,71.17
48,resnet18,0.9054769277572632,56.08,81.25574494801857,85.96919052316991,74.47171094210023,72.17668488160291,205.83257330084876,90.99421428204197,11.491379141807556,16.82801604270935,72.5
49,resnet18,0.9983363151550293,59.7,82.19149926638984,88.14521200030651,72.3810207734742,72.45657568238212,175.3966428154944,80.35202767244678,9.075333178043365,15.5772864818573,72.56
50,resnet18,1.0647164583206177,54.35,81.05301023446467,85.04754276170084,74.81448622891482,72.88061336254107,219.9098898195759,94.79573843032033,15.57917594909668,18.833637237548828,73.41
51,resnet18,1.1631721258163452,58.9,82.90378347564224,88.3474002375098,74.77711646347875,69.97566909975669,177.21454892936714,77.98938607906133,8.27922374010086,15.331425666809082,70.32
52,resnet18,0.8271554708480835,55.87,81.06857876465432,85.37270834394864,74.62873615815172,71.99184228416044,210.32971347992577,94.27279668019258,12.00454756617546,17.3442542552948,72.08
53,resnet18,1.1391713619232178,58.49,81.85195071715505,87.48204126439839,72.87661106371097,70.80221633341364,185.105596971183,83.69588165442646,10.090134292840958,15.940618515014648,71.31
54,resnet18,1.4028568267822266,54.01,81.06486646368911,85.14173773110296,75.13240678560705,73.75516416612307,221.2194998334444,94.02162447756021,11.975770443677902,18.480443954467773,74.17
55,resnet18,1.5087180137634277,58.51,81.26598222369529,87.06808131905075,72.54853351383358,71.96914919257652,187.93668772797542,86.634201098543,10.610198974609375,15.923843383789062,72.16
56,resnet18,1.0732090473175049,51.5,81.01458712841558,83.86591660282603,77.1452145477512,74.04123711340206,241.70988946115006,98.45790429512655,16.076019406318665,20.01701831817627,74.16
57,resnet18,1.174696683883667,58.9,82.16540881282558,87.64995544407597,73.17645697419286,70.17031630170317,181.90611795231908,82.68095510201329,9.328605979681015,15.643658638000488,70.49
58,resnet18,1.2315951585769653,58.8,82.09334546925567,87.73719083352618,73.56288207222273,71.91747572815534,181.95399540268915,82.1986540797931,9.02765542268753,15.793256759643555,72.11
59,resnet18,1.2324062585830688,54.15,80.86305156221208,84.26447187351668,75.31311470389693,72.84623773173392,225.34201183627334,99.00472492727452,14.485971629619598,18.553831577301025,72.96
60,resnet18,0.955666720867157,56.7,81.68980615939815,86.59014606716117,74.52290396967145,72.3094688221709,198.8813081216248,87.5948260908611,11.933128535747528,16.64724826812744,72.47
61,resnet18,0.7960301637649536,58.65,81.4132202694442,87.33766848660028,71.87687156717884,74.26844014510277,185.61324206296572,85.05944334913364,8.954771608114243,15.618853569030762,74.39
62,resnet18,0.9783808588981628,55.22,80.7212236764906,85.04668617318521,74.30408329763985,72.84502009825815,215.79391047880134,95.91510815101637,15.371254086494446,17.77736186981201,73.29
63,resnet18,1.133044719696045,51.43,79.6176640644982,82.53975482238049,75.68714799667195,76.79637636401071,250.77796867575836,107.0609957010697,17.553827166557312,20.06528615951538,76.84
64,resnet18,1.150864839553833,57.1,82.45028759914923,87.2027425860225,75.2676066579424,70.02331002331003,192.713909765171,83.6829353503894,11.791592836380005,16.926839351654053,70.26
65,resnet18,1.3143657445907593,59.72,84.3459252246997,89.7023325475274,75.19672076525018,66.26117179741807,164.36247646423655,69.42099545720973,7.86949023604393,15.289597511291504,66.66
66,resnet18,1.1932686567306519,54.43,82.61369419488204,86.63748261254749,76.58088267800551,70.6385780118499,209.31530027360282,84.68834085450402,12.63306587934494,17.89106011390686,70.86
67,resnet18,0.7858126163482666,54.55,80.3072785738702,84.42701871910418,74.55014060990769,73.92739273927393,223.04934505519088,99.15096946345672,13.557907938957214,18.029394149780273,73.95
68,resnet18,0.8247503042221069,52.58,80.09543289581109,83.16537982565913,75.62660066975637,73.93504850274147,240.4183969970646,104.22070700075074,14.175200462341309,18.831887245178223,74.21
69,resnet18,1.3256795406341553,53.07,81.26223939201833,84.64561105395252,76.36420172623053,71.83038568080119,228.64827827438154,95.57771539537788,12.306912988424301,18.610713481903076,71.89
70,resnet18,1.159657597541809,60.48,82.52611864865153,88.93875795174638,71.31104468679248,72.44433198380567,167.00946595585825,75.93765420570725,9.540180116891861,14.906816482543945,72.7
71,resnet18,1.2595758438110352,52.0,80.84496594551283,83.77792049752004,76.75047008547615,73.58333333333333,239.54447582756384,99.58623887902912,16.96586012840271,19.977213144302368,73.69
72,resnet18,0.9639853239059448,56.42,81.81476604935871,86.41837098978577,74.53976845884888,70.88113813675999,201.0625232829434,88.18040753265824,11.889351904392242,17.25702166557312,71.13
73,resnet18,0.8921033143997192,56.93,82.32450035891475,86.83621434033637,74.94313296797573,69.65405154399814,195.7067923422516,85.72066244644155,12.087532877922058,16.70061469078064,69.93
74,resnet18,0.7141407132148743,58.14,82.60386358380704,87.8946221780769,74.05827440268291,71.45246058289536,183.68784226468918,80.39053376915919,10.197385400533676,16.09052300453186,72.1
75,resnet18,0.951008677482605,57.74,82.46911674328398,87.76184532823208,74.73147956151394,71.50970184571699,186.49603045758718,81.01566524394393,7.834722101688385,15.792847871780396,71.94
76,resnet18,1.0902683734893799,53.9,80.32528100966277,83.95882516051572,74.62991707793786,73.94793926247289,228.92554113141713,101.04894378283954,13.80220502614975,19.012380838394165,74.1
77,resnet18,1.3989583253860474,57.12,81.16242007530624,86.36623638784397,73.50963227159673,72.80783582089553,198.61288646979347,89.69395024669619,13.445168733596802,16.83401584625244,72.97
78,resnet18,1.2383902072906494,54.8,80.02663345391126,84.43050218996729,73.37706896941592,74.66814159292035,222.07502688294161,99.68606251764017,14.754453301429749,18.479615449905396,74.82
79,resnet18,1.1736791133880615,56.35,81.44925300166383,86.28921270378996,73.79498304926962,71.93585337915235,202.5191959898691,89.23600328041859,11.923450976610184,16.819390058517456,72.33
80,resnet18,1.0764141082763672,58.02,82.60970777929904,87.6467560933514,74.49708516690337,69.7713196760362,185.66351193343823,81.71418464590052,10.243478417396545,16.105365753173828,69.84
81,resnet18,1.0406320095062256,57.31,80.8692734328337,86.18636562008093,72.8070550846035,74.49051300070273,199.000321420144,91.14225883009361,10.753045231103897,16.42221689224243,74.68
82,resnet18,0.9469451904296875,56.53,81.45891864156117,86.52346159376071,73.88472676878199,73.38394294916034,200.36981730880345,88.1162110683977,14.351324737071991,17.43460774421692,73.75
83,resnet18,1.2799222469329834,55.09,80.77323239286302,85.10139048057187,74.37187270620198,74.32643063905589,216.0912043558535,95.43887210981306,12.031875550746918,17.438281774520874,74.93
84,resnet18,1.1341066360473633,56.75,81.90699905782893,86.68959176638327,74.54687501782298,72.53179190751446,197.84009325560416,86.83708881868793,11.045949906110764,16.718767881393433,72.6
85,resnet18,1.0511454343795776,57.04,83.08662033699765,87.85992358466876,75.89398914844003,69.55307262569832,188.75120047264414,79.38369106936594,10.610013455152512,16.374250650405884,69.65
86,resnet18,1.199654459953308,60.49,83.10561193934677,89.04769110013524,73.38071215407557,70.58972412047582,165.78073231698312,74.75919804550365,8.937915414571762,15.132336616516113,70.74
87,resnet18,0.9629443287849426,58.19,82.29692470035745,87.55299695897139,74.28512446952848,69.69624491748385,185.65511314941512,82.62874786263954,10.220511257648468,16.202423572540283,69.72
88,resnet18,1.1437749862670898,58.23,82.43930323277407,87.96763217220072,73.16244340416887,72.25281302370122,183.04861277968976,80.23869271066603,8.865338563919067,15.868663787841797,72.49
89,resnet18,0.899062991142273,57.22,82.71133992485554,87.37306768556647,75.3658851971065,69.75222066386162,190.90222210983458,82.54242691493252,11.458602547645569,16.65482759475708,69.92
90,resnet18,1.0341740846633911,58.13,82.72313717008701,88.12258305561754,74.70676208089799,69.978504896107,182.3412134658726,78.98966474083258,11.058767139911652,15.71378469467163,70.27
91,resnet18,0.8479558825492859,57.57,82.48075865055775,87.66226037813942,74.69652099085845,70.70469007777515,187.86178834398046,81.44524405280526,12.329919636249542,16.251462697982788,71.2
92,resnet18,1.244195580482483,56.94,81.59275635193278,86.4862075486508,74.0874630944403,71.45843009753831,198.36291536183896,88.43311145812996,10.694330930709839,16.212605237960815,71.9
93,resnet18,0.9458786845207214,59.7,83.13154274266286,89.00259595630753,73.70966838896926,69.50372208436725,169.57882124755974,74.53420610451211,10.720782727003098,15.4206383228302,69.93
94,resnet18,0.9199923276901245,59.58,83.40990637248137,88.88520785472942,74.4252549386224,70.70757050964869,170.5392411417852,74.87441336100586,10.26388630270958,15.212465524673462,70.88
95,resnet18,1.0495264530181885,58.3,81.66207000094607,87.38392181707817,72.94644151499163,73.16546762589928,186.75637128370266,84.3245692879515,11.112763732671738,16.281325817108154,73.45
96,resnet18,0.739050030708313,52.06,80.85271262852416,83.6447663044442,76.71732966954139,73.63370880267,239.85144162036568,100.28521453148811,16.191479563713074,19.15848970413208,73.93
97,resnet18,0.9355095624923706,57.1,81.14147673692332,86.2962668618701,73.20903381568044,73.07692307692307,199.14172226449259,90.11074784971099,11.387643218040466,16.919715404510498,73.5
98,resnet18,0.925783634185791,60.89,83.53778451814155,89.73202528578715,73.19461894795597,70.23779084633087,159.6425446763371,70.618582629374,8.650842308998108,14.826902151107788,70.39
99,resnet18,1.0306041240692139,56.67,81.86340717417241,86.89543867313161,73.69046602996951,72.37479806138933,197.177073665773,85.7202934633525,11.652132868766785,16.85875415802002,72.54
100,resnet18,0.3689097762107849,74.95,86.56666919663009,95.24893474962619,64.6989266623498,65.10978043912175,72.45302901458267,38.07057561347638,4.576608166098595,8.940163254737854,65.43
101,resnet18,0.459270179271698,75.63,87.0147280420721,95.54195057712462,65.53932315011323,61.83832581042266,68.37470584951392,35.92227102318579,4.8928674310445786,8.732515573501587,62.08
102,resnet18,0.42056480050086975,75.67,87.12053674121267,95.5963035092655,65.20356296756667,64.3238799835594,67.85389218580114,35.51307846243411,5.628872662782669,8.744405508041382,64.57
103,resnet18,0.28092676401138306,75.7,87.58170110518562,95.75694175707791,66.37539804290569,60.370370370370374,66.43711164077169,34.17987497810073,5.910223722457886,8.749915957450867,61.03
104,resnet18,0.2663889527320862,76.05,87.45153378106646,95.75874119875202,65.45975858997915,60.96033402922756,65.56476690468155,34.273823623243,6.633184850215912,8.818174004554749,61.29
105,resnet18,0.3272547125816345,76.21,86.9792677574669,95.65454997551672,63.42019474220615,65.44766708701135,66.12413949055515,35.2695609526559,6.975993514060974,8.863064646720886,65.66
106,resnet18,0.3316124677658081,76.17,87.46274580387059,95.74228162948906,65.74320636579682,60.05035669324381,65.37983203929558,34.41647751060121,7.069621980190277,8.934369087219238,60.18
107,resnet18,0.1782751828432083,76.34,87.34530820542791,95.76297180916258,65.81180918723561,61.0312764158918,64.82924064103278,34.32673470248009,7.342417538166046,8.975405097007751,61.2
108,resnet18,0.2064846009016037,76.01,87.54584572059171,95.72326804178526,66.18613051654124,60.65027094622759,65.88255384204619,34.48199368129537,8.07456523180008,9.102522730827332,60.98
109,resnet18,0.21195821464061737,75.99,87.32139068474945,95.68822183609934,64.87618491477257,63.39025406080799,66.28916607088357,34.83371854041527,8.192090690135956,9.215440154075623,63.81
110,resnet18,0.12398935854434967,76.26,87.12860671966232,95.67568087569857,65.11104724206534,61.62594776748105,65.74298712436179,35.02408335100639,8.134057372808456,9.2138010263443,62.05
111,resnet18,0.10613950341939926,76.44,87.04980114678756,95.64950668318029,63.60101027905857,61.884550084889646,65.54358796623517,35.310400487520155,8.082015812397003,9.27024245262146,62.14
112,resnet18,0.1043892502784729,76.28,87.0337029369917,95.66049549626901,63.99220918638127,64.46037099494097,65.8609759179617,35.19625024714163,8.22799801826477,9.283007979393005,64.5
113,resnet18,0.10391028225421906,76.37,87.02032574003957,95.58215341936548,65.35494506518201,63.09775708844689,66.18314751760077,35.76157458155253,8.31216424703598,9.389285445213318,63.56
114,resnet18,0.04834767431020737,76.39,86.72085481228623,95.47631213052658,64.60415845494691,63.235916984328675,66.99816522348895,36.630482148850255,8.579061180353165,9.546841979026794,63.32
115,resnet18,0.12047980725765228,76.04,87.20740731308273,95.62213017230387,65.52608320460051,60.475792988313856,66.65933351356738,35.341005740490374,8.928980678319931,9.56857979297638,60.68
116,resnet18,0.10993106663227081,75.69,87.42481551462456,95.57586540313486,66.26579129392535,60.9214315096668,67.83346203646046,35.5483795659243,9.487005323171616,9.698695540428162,61.54
117,resnet18,0.14387571811676025,76.05,86.70475280656748,95.43715778225314,64.42962345838986,64.5929018789144,68.18967812371054,36.89873484227198,9.204381704330444,9.652976393699646,64.84
118,resnet18,0.07285206764936447,76.22,86.72050429911731,95.49746719532482,63.6786913375909,63.03616484440706,67.2951869098222,36.46776956122212,8.971279859542847,9.671823978424072,63.2
119,resnet18,0.06477101147174835,76.1,86.91797293805223,95.4731280412563,65.05991578026166,64.51882845188285,67.8772218143357,36.72300378699908,8.798859268426895,9.626079201698303,64.81
120,resnet18,0.055596984922885895,75.99,86.72389925700455,95.41580639436751,63.82455440156757,62.72386505622657,68.48373810798184,37.02829057751353,8.739292621612549,9.693084955215454,63.35
121,resnet18,0.07661126554012299,75.96,86.74347443132781,95.3823491837363,63.55832334648917,63.47753743760399,68.80790876058735,37.27003147401443,8.777600526809692,9.784454107284546,63.81
122,resnet18,0.044801823794841766,75.93,87.07644923212516,95.4523695087674,65.3367479597172,62.69214790195263,68.23547927149158,36.61505374539877,8.801073580980301,9.717154502868652,62.82
123,resnet18,0.058709003031253815,76.29,86.25515172492982,95.26318672543066,63.76072360616723,64.23450021088148,68.97539338303304,38.33773709822687,8.400168269872665,9.832645654678345,64.36
124,resnet18,0.059837132692337036,75.95,86.69680101938167,95.26590816790454,64.91589594695336,59.7920997920998,69.63033675924012,38.064956559962155,8.934460580348969,9.84076976776123,60.25
125,resnet18,0.1712331473827362,75.95,86.49310535024821,95.24662673079723,64.97062924772885,63.45114345114345,69.86450411891046,38.2991239196325,8.72347429394722,9.859339594841003,63.87
126,resnet18,0.03586345538496971,75.8,86.76748021108179,95.36769067816353,65.18665508587473,64.0909090909091,69.29439938337892,37.314894534921095,8.817318081855774,9.869386553764343,64.13
127,resnet18,0.06757710129022598,75.48,86.37584332485254,95.07595773891197,64.41011686995651,63.74388254486134,72.35947917144584,39.4865801215934,8.902910351753235,10.017708539962769,63.95
128,resnet18,0.056041229516267776,75.52,86.63837859252104,95.17806451820228,65.24803734008607,63.643790849673195,71.44377599544812,38.68329196216712,8.843396604061127,10.00698447227478,63.89
129,resnet18,0.03769678622484207,75.52,86.3130714194223,95.03849643632664,64.7708186614834,63.15359477124183,72.5466721304276,39.7861880971466,9.078701585531235,10.102696418762207,63.36
130,resnet18,0.09385721385478973,75.85,86.49010319211804,95.19156925059767,65.03072991582943,62.2360248447205,70.52795976246162,38.68682598926942,8.610670268535614,10.00998854637146,62.48
131,resnet18,0.0450863316655159,75.22,86.72173408365325,95.16074147783912,65.62809748527161,64.20500403551252,72.3257144217515,38.71694580365827,9.424398839473724,10.15196442604065,64.57
132,resnet18,0.09085708111524582,75.24,86.53797884464919,95.09059962100908,65.08139600508972,62.64135702746365,72.84105059962235,39.289206001801304,8.96817296743393,10.131773948669434,63.09
133,resnet18,0.05501873046159744,75.01,86.18621958848864,94.89481582111846,64.94177044155784,65.3061224489796,74.97519092080891,40.7655068005194,9.347838908433914,10.36087155342102,65.43
134,resnet18,0.09932392835617065,74.64,86.33443948407667,94.80592174767598,65.95070363791775,62.26340694006309,76.53824548474564,41.25549050548151,9.110740572214127,10.475358963012695,62.58
135,resnet18,0.05441410094499588,74.4,85.89954794606855,94.65865879447026,64.78797052350092,65.5078125,78.41066539517458,42.422063042064195,9.540992975234985,10.642681121826172,65.66
136,resnet18,0.055728644132614136,74.58,86.2509149057961,94.78442290745987,66.12739303205255,63.13926042486231,76.85641594836454,41.39792356922986,9.16527435183525,10.604339838027954,63.18
137,resnet18,0.08842454850673676,73.54,86.28193715464005,94.5971131840049,67.46334576191711,62.7739984882842,81.046551460346,42.46490967889151,9.497888386249542,11.045366525650024,63.08
138,resnet18,0.057508744299411774,73.28,85.29301420357974,94.06966449173935,65.68939300889771,63.43562874251497,85.94199391106172,46.55666471902201,9.8050057888031,11.333214044570923,63.62
139,resnet18,0.10613522678613663,73.31,86.51819577389631,94.66471989626879,67.5052934958326,61.07156238291495,81.31120023444039,42.01907438216863,10.449761152267456,11.083306074142456,61.48
140,resnet18,0.11164724826812744,73.28,85.43056490730329,94.24936589270574,65.33238533280199,66.95359281437125,84.77460496449365,45.38927577245393,10.63738837838173,11.333065032958984,67.03
141,resnet18,0.1352570801973343,73.26,85.4854846346993,94.2595866904195,65.20600917981025,66.37995512341061,84.71564825651042,45.268115276286586,9.80978012084961,11.180503368377686,66.53
142,resnet18,0.03908846527338028,73.15,85.65060187288942,94.25536890357841,66.54715757335853,63.94785847299814,84.81347415197736,45.022843960789636,10.547037422657013,11.64636492729187,64.47
143,resnet18,0.14156201481819153,72.6,85.2909679073415,93.93585060308574,65.9360597669448,66.0948905109489,88.82511094533315,47.29413272356268,10.651849955320358,11.696382761001587,66.2
144,resnet18,0.1402057558298111,72.75,84.96282732746934,93.8013309660076,65.70290565545002,66.42201834862385,89.65069416452104,48.5984753183171,11.265792697668076,11.842808723449707,66.75
145,resnet18,0.0835406631231308,73.32,85.18861222007655,93.99462613006926,64.95394427441873,66.4167916041979,86.42054406290146,47.1594587066631,10.358047485351562,11.406199932098389,66.72
146,resnet18,0.15161600708961487,71.85,85.30369046427145,93.80410776329869,66.51477153706551,64.12078152753108,91.94503650424708,47.97364503745387,11.273543536663055,12.026513814926147,64.33
147,resnet18,0.12769487500190735,72.15,85.60556689820604,94.04142071665481,66.6382595090802,64.63195691202873,89.30249890159605,46.316621805860606,10.735026001930237,11.594164371490479,65.21
148,resnet18,0.11405138671398163,71.61,85.93906349306366,93.93355511528713,68.09511574546138,63.12081718915111,91.48641498277429,46.71759571844919,11.589451134204865,12.042595148086548,63.72
149,resnet18,0.21973729133605957,71.87,84.90129435919647,93.46942066649898,67.15945145730035,64.2730181301102,94.34315691293352,50.43785552764635,11.773231625556946,12.18346357345581,64.56
150,resnet18,0.03013547696173191,76.0,86.97076754385967,95.5033918357736,64.98056257563127,62.416666666666664,67.72290697076642,36.29490970410426,9.378142654895782,9.951866269111633,62.75
151,resnet18,0.04156433418393135,76.37,87.10992062553117,95.64204993658845,64.69227092275374,62.80152348709268,65.73364828654593,35.312075350497686,9.242676198482513,9.780560731887817,63.18
152,resnet18,0.03669912368059158,76.59,87.02853346446756,95.68333408558595,63.67479225208209,63.477146518581804,64.92166526468414,35.0900031050848,8.886708319187164,9.709269404411316,63.82
153,resnet18,0.04452968388795853,76.65,87.27213857588443,95.76348018393782,64.8883699495012,62.3982869379015,64.08206971866912,34.410194802429736,8.962340652942657,9.624987244606018,62.48
154,resnet18,0.01459476351737976,76.75,87.33317642114112,95.79600933426528,65.01449555463769,61.247311827956985,63.57688049096446,34.17027412316684,8.72230976819992,9.573652148246765,61.46
155,resnet18,0.020363878458738327,76.8,87.38113719019395,95.81132133349148,65.49739867612632,63.36206896551724,63.32639801224919,34.05193721311821,8.928078413009644,9.581286907196045,63.88
156,resnet18,0.034545235335826874,76.88,87.42747820267238,95.85043730827357,65.62662825249942,61.93771626297578,62.831840872115336,33.768135987585865,8.855745196342468,9.555846452713013,62.15
157,resnet18,0.030329566448926926,77.03,87.26363954451593,95.82925562426996,65.01204257249292,62.25511536787114,62.67572896472873,34.00494834349274,8.610177785158157,9.504628777503967,62.95
158,resnet18,0.02250310219824314,77.29,87.04666368020753,95.81447364739903,63.80883773538405,63.62835755173932,62.230993726784675,34.23436573027572,8.442322909832,9.488557577133179,64.07
159,resnet18,0.03631221875548363,77.12,87.41328449170123,95.89223307565801,65.1290397951065,61.01398601398601,61.93781360860578,33.501385129495624,8.53910893201828,9.463486075401306,61.63
160,resnet18,0.014930608682334423,76.99,87.3582073991108,95.82851516918554,65.81217209735176,62.190352020860495,62.7460104190321,33.97073583232482,8.782048523426056,9.516502022743225,62.28
161,resnet18,0.020945264026522636,76.9,87.60040869403679,95.87579254134178,66.64341420965762,60.43290043290044,62.52202261477283,33.510876602195985,8.723485469818115,9.497807621955872,60.61
162,resnet18,0.010587488301098347,77.14,87.48295074730903,95.90112151258722,65.20256660729383,60.76115485564304,61.80398579475514,33.41949289141381,8.475391566753387,9.447406530380249,60.98
163,resnet18,0.015278203412890434,77.01,87.58218133039894,95.89153749192374,66.17841121887977,60.15658982166159,62.1470142936241,33.42401266030596,8.563097566366196,9.457533955574036,60.59
164,resnet18,0.0150448027998209,77.11,87.47938512036983,95.89377344287013,65.83215329983445,61.730013106159895,61.94812698812516,33.4857112717637,8.483444154262543,9.43759560585022,62.04
165,resnet18,0.017115259543061256,76.88,87.79857399209301,95.92998070103359,67.09632960402509,59.64532871972318,62.10871408413894,33.04500919960947,8.705180883407593,9.438976645469666,59.99
166,resnet18,0.015736132860183716,77.09,87.59774963580014,95.92216413831156,65.6751634182625,61.93801833260585,61.7487784310533,33.234349333047355,8.601125329732895,9.419412016868591,62.51
167,resnet18,0.00999877043068409,77.13,87.48929611962971,95.89766392467833,65.46355457600109,61.78399650196764,61.8500324512427,33.43957824257888,8.295118808746338,9.385091662406921,62.05
168,resnet18,0.0074597857892513275,77.02,87.73668306741165,95.92923279723391,66.07881262081013,60.226283724978245,61.81594933549646,33.11906470003968,8.51227268576622,9.395447969436646,60.36
169,resnet18,0.014570534229278564,77.12,87.66910969282273,95.95306525539587,65.79026597685484,61.18881118881119,61.41131931387293,32.97489083476278,8.39412659406662,9.364149570465088,61.49
170,resnet18,0.019319310784339905,77.06,87.6946535167402,95.94107964765442,66.54330562254587,60.50566695727986,61.62795726960802,33.035410806043586,8.547540009021759,9.396573305130005,60.59
171,resnet18,0.008787400089204311,77.1,87.77322594713381,95.96566317155835,66.35992349402139,58.515283842794766,61.32895193088389,32.840536008784504,8.398935943841934,9.355846643447876,58.78
172,resnet18,0.007717800792306662,77.16,87.60364661780422,95.91234092945251,66.14139758963971,60.858143607705784,61.629782954303735,33.297173772958146,8.29729214310646,9.357102513313293,61.21
173,resnet18,0.007272418588399887,77.17,87.779771392874,95.97486415940784,67.08644411328832,57.906263688129656,61.07930931113088,32.772622549818784,8.282429724931717,9.371119141578674,58.34
174,resnet18,0.01180921122431755,77.19,87.74076095361633,95.95945571218792,66.530192309916,58.702323542306004,61.1705678034229,32.915687008646145,8.298968523740768,9.35197651386261,58.79
175,resnet18,0.008068102411925793,77.1,87.88113321892399,95.99708235885652,67.01297410422697,58.38427947598254,61.05084945802192,32.56243353592254,8.248911798000336,9.29837703704834,58.95
176,resnet18,0.010901162400841713,77.05,87.78721623482475,95.94307482402304,66.24444864797069,59.73856209150327,61.63161791685944,33.013006379884715,8.299656212329865,9.316966533660889,60.26
177,resnet18,0.01814858615398407,76.97,87.8143871968885,95.91985929307742,67.23685093378644,57.577073382544505,61.957431025456515,33.12983153056018,8.40172991156578,9.342374205589294,57.66
178,resnet18,0.028285792097449303,77.05,87.8752048227179,95.95532603607936,67.24660388460613,59.30283224400872,61.49611736601979,32.877505829045056,8.102908730506897,9.259688258171082,59.52
179,resnet18,0.018255535513162613,77.21,87.79294958632732,95.987046614972,66.76643484262749,58.139534883720934,60.89093424654379,32.68780759811782,7.962067425251007,9.258576035499573,58.32
180,resnet18,0.01342910248786211,77.13,87.90636833616303,96.00104748572609,66.9912469696834,59.0292960209882,60.95711154574347,32.546657337079665,7.84023329615593,9.26218569278717,59.73
181,resnet18,0.00704423850402236,77.19,87.88532813495785,95.99177090452031,66.63898265430245,58.08855765015344,60.88651559937436,32.63163480459761,7.90809690952301,9.240999817848206,58.26
182,resnet18,0.006934898439794779,77.24,87.79737214661534,95.9715883288994,66.48996125454802,57.90861159929701,60.937262640491504,32.811670078107,7.993633300065994,9.26867663860321,58.22
183,resnet18,0.012007075361907482,77.2,87.74930688119262,95.9699559137776,65.74655254009431,60.21929824561404,61.07120649739755,32.842209252480124,8.186306059360504,9.275304675102234,60.44
184,resnet18,0.008735805749893188,77.17,87.83981256347589,95.98482245968773,66.58061188574624,59.48313622426632,61.00413446246296,32.697447701150864,7.890076190233231,9.232600331306458,60.01
185,resnet18,0.01035125833004713,77.12,87.8399422478455,95.97730312040514,66.4194468046608,60.62062937062937,61.18023864148183,32.74381016237167,7.928053289651871,9.239622354507446,60.84
186,resnet18,0.007213755510747433,77.24,87.870467303882,96.01833903883775,66.25567044871795,60.9402460456942,60.582188317320266,32.45659575493576,7.833237946033478,9.201089143753052,60.98
187,resnet18,0.013496709056198597,77.14,87.99203241609317,96.01553934472756,67.51824605785252,58.223972003499554,60.79669885335413,32.4122059500128,7.951056957244873,9.1953045129776,58.44
188,resnet18,0.008039906620979309,77.26,87.84301759174323,96.01578100166253,66.50981732572578,60.15831134564644,60.55433044652027,32.480362538736415,7.893706113100052,9.223012924194336,60.29
189,resnet18,0.013995771296322346,77.4,87.56575427042603,95.92587746760859,65.8703267188133,61.23893805309735,60.97333922978971,33.25929500351499,7.6501429080963135,9.2046719789505,61.46
190,resnet18,0.008971183560788631,77.34,87.63604660796734,95.95049177233335,66.12291884904809,60.635481023830536,60.911500503321356,33.043513615555845,7.716977596282959,9.214191436767578,60.9
191,resnet18,0.008229395374655724,77.31,87.76242345427357,95.98848593449775,66.11872558953614,59.49757602468048,60.651372535640384,32.70623978576823,7.575102895498276,9.18785572052002,59.89
192,resnet18,0.013098863884806633,77.34,87.72543766009763,95.99142889161871,65.68574944146401,61.165048543689316,60.58608992711351,32.718103039348,7.508337497711182,9.158975481987,61.34
193,resnet18,0.009464681148529053,77.17,87.97755590887024,96.01496235347776,67.36167996038954,59.87735435830048,60.72962087178808,32.422934110475985,7.751359045505524,9.163468480110168,60.01
194,resnet18,0.020283101126551628,77.2,87.83901179438232,95.99445157674751,66.33686733178892,60.57017543859649,60.85492111766916,32.625923872751734,7.460172474384308,9.157381057739258,60.61
195,resnet18,0.007191051729023457,77.24,87.94108234530675,96.04997929062945,66.55691815897183,59.00702987697716,60.31668920721375,32.191096644829244,7.464045286178589,9.131737351417542,59.09
196,resnet18,0.010472411289811134,77.43,87.69619175517258,95.99510107951046,65.56545752551753,60.56712450155073,60.35017770808522,32.71293037140348,7.346770167350769,9.133556485176086,61.1
197,resnet18,0.016875429078936577,77.29,87.94419662682803,96.06383437665241,66.68339908525186,60.10568031704096,60.09185959838165,32.0952316018727,7.440486550331116,9.113962650299072,60.24
198,resnet18,0.011773000471293926,77.18,87.85718998282809,95.98577169659923,66.74294783723936,59.50920245398773,60.966300398787865,32.685523099105744,7.452213764190674,9.161467552185059,59.82
199,resnet18,0.008334120735526085,77.37,87.75427382901806,96.01363140303738,65.78082309976703,60.40653999116218,60.33679699515284,32.545839600212446,7.261300086975098,9.10574734210968,60.58
200,resnet18,0.009219815023243427,77.15,87.94451684816444,96.01807026451652,66.84308409674951,59.51859956236324,60.76795255179396,32.40940799033193,7.38769918680191,9.12243664264679,59.78
1,resnet18,3.810742139816284,12.33,71.2140176550511,30.675982699981187,93.84762079277097,83.95118056347667,779.8263598224974,161.20988914699697,2.3477828130126,36.34060621261597,84.2
2,resnet18,3.3477249145507812,17.29,72.46173034214955,40.19651835587751,91.488267728374,81.7071696288236,697.04565566713,173.39239780717108,4.520983248949051,34.41813945770264,81.85
3,resnet18,2.882632255554199,25.65,74.1375088322315,54.67619143986434,87.27822387921474,83.37592468056489,565.7061195835346,171.2068461697762,5.8437783271074295,30.183207988739014,83.62
4,resnet18,2.5233211517333984,33.34,76.4927527545796,66.27476586090313,84.69003492798772,76.92769276927692,452.40811450853556,152.01877821759447,8.602399379014969,26.055333614349365,77.08
5,resnet18,2.2726988792419434,37.6,77.44283406642116,70.86301279537217,82.910172586802,76.69871794871796,398.56504632100155,142.35551330368475,6.110275909304619,24.051692485809326,76.96
6,resnet18,2.11753511428833,45.19,78.96227362351237,78.08668329890806,79.07811164739435,76.19047619047619,311.00853655817417,121.85015900125384,3.6069776862859726,20.29649257659912,76.52
7,resnet18,2.172285795211792,45.35,79.68340577656147,78.92779129737727,79.76353907161106,74.0896614821592,305.0135138172307,117.12317809235063,6.48045539855957,20.144150257110596,74.22
8,resnet18,2.043275833129883,40.05,79.64493507385993,75.76359446994316,82.98951765810435,74.94578815679733,356.01275439558356,122.98688014130965,10.942275822162628,24.27685260772705,74.96
9,resnet18,1.7409656047821045,49.0,80.23001600640256,81.38274746355484,78.25336280636601,73.92156862745098,269.69122333647897,109.2326683964367,4.66434471309185,19.207873344421387,74.43
10,resnet18,1.5538311004638672,47.84,78.91764125882287,79.62306492541956,77.29627185863696,75.4217791411043,287.1225323740566,118.2507160978467,10.720354318618774,20.20242214202881,75.59
11,resnet18,1.3402516841888428,45.22,77.14406134852626,76.30301558051656,77.88013236377213,77.94815626140928,321.99234133318043,133.07215252750504,17.0310840010643,22.369260787963867,78.46
12,resnet18,1.6143732070922852,54.59,81.41790623614953,85.35414552651778,75.32260469205252,73.39792997137195,216.59247857897842,92.93637735811508,7.652302086353302,16.80880904197693,73.51
13,resnet18,1.5513246059417725,52.08,81.12099074173801,84.29025530099945,76.53741290527189,74.18614357262103,236.13220853933706,96.69649769545161,8.583755046129227,18.01476001739502,74.33
14,resnet18,1.5479212999343872,54.21,81.40017594337519,85.62005715495533,75.31665342982168,73.05088447259227,217.25189236949765,91.28232050075702,7.980556786060333,16.923084259033203,73.23
15,resnet18,1.2811782360076904,53.49,81.56761267164075,84.57621887372385,76.52134474919625,70.65147280154805,226.36449305121627,95.93829951771079,8.220277726650238,17.273426055908203,70.69
16,resnet18,1.3678646087646484,56.38,81.88733595099345,86.61391566788285,74.4073366967829,71.84777624942686,200.11964905495736,87.00845288529533,7.734180241823196,15.822070837020874,71.87
17,resnet18,1.5345977544784546,52.04,80.98961455196778,83.87683515228319,76.75585697007402,72.5187656380317,238.62510264003782,98.92828247174451,11.712314933538437,18.306835889816284,72.77
18,resnet18,1.3593966960906982,55.02,81.86918851934517,86.09879620157278,75.12116530573061,72.03201422854602,209.874057685709,88.80393914222189,9.505405277013779,16.57097816467285,72.34
1,resnet18,3.7447094917297363,11.74,70.91134641301005,29.42562323326765,94.00249563390905,84.42102877860866,790.3134631076667,159.20402993211437,2.1446015685796738,36.922616958618164,84.44
1,resnet18,3.8249309062957764,10.0,69.29374444444446,23.069987154796554,94.6377971140372,85.22222222222223,828.4137336759541,158.67224297535853,5.886806547641754,38.31319570541382,85.24
2,resnet18,3.246974229812622,17.88,70.54072735267101,38.28126543034626,90.47957442069496,83.97467121285923,700.0498128742241,186.651762898423,3.425099328160286,33.85964870452881,84.06
2,resnet18,3.226963758468628,18.8,69.65232614505817,38.88381208717238,89.3446243119258,86.4039408866995,690.9892454423972,193.19614887900838,4.542528837919235,33.787429332733154,86.44
3,resnet18,2.8329555988311768,25.72,73.34823062415256,53.10964995755304,87.33382310800602,82.09477652127086,571.9700446996326,178.42225561795516,7.522434741258621,30.322399139404297,82.3
3,resnet18,2.8894693851470947,28.12,74.20007543788407,57.83601991275367,86.18870057167914,80.66221480244853,532.4801768974899,170.4355571731202,6.664963066577911,28.9656400680542,80.83
4,resnet18,2.6558167934417725,20.66,72.24761286909354,45.36234842594295,89.63425401183488,82.69473153516512,647.5593352930666,179.96148651954402,18.312135338783264,36.20636224746704,82.71
4,resnet18,2.443338394165039,27.6,74.99013631996156,58.1216717284374,86.64413724262945,80.92541436464089,534.3380871690381,165.64790523017453,11.98781207203865,29.778766632080078,80.97
5,resnet18,2.262690305709839,34.17,75.85585178271769,64.73095926928256,83.90305741212171,77.00136715783079,452.4994187116316,161.12443706809805,6.78640678524971,25.968663692474365,77.24
5,resnet18,2.1481785774230957,36.6,76.51695368119837,69.23274450126563,82.61009238505427,79.44794952681387,414.53180778012324,148.40643986268532,11.290296912193298,25.53568124771118,79.56
6,resnet18,2.0773510932922363,44.17,78.29380816655691,77.0454878629006,78.9534659330268,77.53895754970446,323.59045463913105,126.21428461882522,4.114016145467758,20.889432430267334,77.65
6,resnet18,1.9939391613006592,40.2,77.71964175776635,73.55969451649888,81.38391572356511,78.01003344481605,367.47185203953785,135.8157345655105,8.994041383266449,22.713468074798584,78.29
7,resnet18,2.1196341514587402,46.46,78.96805241827394,78.557712762109,79.00622730348489,75.81247665296974,300.7030469255212,121.4553988123731,4.444827884435654,19.674521684646606,75.85
7,resnet18,2.0307605266571045,47.6,78.6754482327282,79.0288776344445,77.43306053139516,76.37404580152672,291.79487329313594,121.14748747447717,4.570851102471352,19.22407627105713,76.53
8,resnet18,1.9696547985076904,47.39,81.00895644487926,81.60702188954623,79.63624013262447,73.18000380155864,277.44236565121247,105.23143206028534,6.768849492073059,19.759751558303833,73.22
8,resnet18,1.9375194311141968,49.72,80.13960117789294,81.85527885926126,77.54757964564257,74.10501193317423,263.2120577207349,107.83698121935781,6.69744536280632,18.624188899993896,74.26
9,resnet18,1.7054083347320557,46.56,81.25978632297262,80.90375453935134,81.33956781858973,70.88323353293413,285.66191337686485,107.17976829908649,9.088324010372162,20.029654502868652,71.22
10,resnet18,1.291623592376709,46.7,79.450452169651,79.42022517205685,78.8933367970332,75.0093808630394,294.37814439368185,116.96409634696481,10.627798736095428,20.975031852722168,75.1
11,resnet18,1.278212547302246,51.28,79.67248415921858,82.36253796223927,75.52285090634614,76.86781609195403,252.30184742023494,107.58526208728198,9.906572103500366,18.22335124015808,77.03
12,resnet18,1.6272971630096436,54.93,80.1781608728797,84.12842729395614,73.96188174493675,73.44131351231418,222.84399335163764,101.23541222305343,6.5802201628685,16.93509817123413,73.55
13,resnet18,1.640782356262207,56.42,81.12334692650464,86.07112986745898,73.60013447379534,72.76273519963286,203.73265095009904,90.85053519981388,5.974257364869118,16.135094165802002,73.04
14,resnet18,1.4490083456039429,53.38,81.01732975281121,84.31640595455842,76.11049729405532,72.6941226941227,228.95256732494525,97.8369989507978,9.629061818122864,17.47318387031555,72.78
15,resnet18,1.3182525634765625,52.18,80.6896698347691,83.62375843963204,76.55802186764889,73.14930991217064,239.51161652364345,100.72733542029117,8.98652896285057,18.177908658981323,73.21
16,resnet18,1.3696839809417725,53.6,80.53501552045805,84.10884197841078,75.22016912193956,73.51293103448275,229.45389679072343,99.71481599119898,9.936287254095078,17.89362072944641,73.86
17,resnet18,1.6399637460708618,52.45,80.97013128521581,84.07581531099298,76.12732365398108,72.63932702418506,235.34745698021553,98.31247390617986,12.483813613653183,17.597472667694092,72.81
18,resnet18,1.5515670776367188,56.29,80.9863833477637,86.11312671972892,73.12436289252919,74.23930450697782,204.3070007814553,90.67933575914796,7.21791535615921,16.14873766899109,74.54
19,resnet18,1.1812949180603027,54.04,80.99498711266322,84.82379836921245,75.05567657868129,73.02001740644039,222.79528381975513,95.78212545280392,8.902916312217712,17.247684001922607,73.15
20,resnet18,1.0404759645462036,54.62,82.06430332636772,85.91430701411895,76.21124297248221,71.44116350815337,212.71603579879257,89.2414480014038,7.919187843799591,17.06202745437622,71.57
