epoch,cutting rate,train_time,test_time,model,train-loss,train-acc,test-loss,test-acc,auroc,aupr_success,aupr,fpr,aurc,eaurc,ece,nll,new_fpr
1,0.1,327.2746641635895,52.423158168792725,wrn,4.505561351776123,2.046666666666667,4.495978479003906,2.48,75.6406874354971,16.99358139828677,98.87887633208025,88.96636587366694,937.551422751614,54.034831071732015,0.671407813206315,44.95978355407715,0.0
2,0.1,56.62619185447693,15.132055282592773,wrn,4.336789521304044,4.195555555555556,4.417814916992188,3.1300000000000003,68.1246003091657,13.876121668076102,98.15917120011581,89.16073087643234,934.8765242993961,74.60401807834383,2.0697293803095818,44.178147315979004,0.0
3,0.1,22.999955654144287,1.04958176612854,wrn,4.094241371886297,6.52,4.297599462890625,5.16,66.977451211179,13.527552366121204,96.85896096882189,88.64403205398565,907.9992134492734,112.55366754439567,2.8699003159999847,42.975993156433105,88.64
4,0.1,45.606621980667114,3.292431592941284,wrn,3.9045113189653917,8.946666666666667,4.080854895019531,7.91,71.0373063013852,18.562960106788402,95.8853249926233,86.3720273645347,859.5958119323216,139.37586610521612,4.97000589966774,40.80855369567871,0.0
5,0.1,17.842119693756104,6.429986476898193,wrn,3.7512758767062966,10.695555555555556,3.92911923828125,9.36,68.27020909241783,24.698936848973563,94.75165044629325,85.20520741394529,832.7902070730349,148.10285729170315,8.543182909488678,39.2911958694458,85.51
6,0.1,21.99048924446106,1.3001389503479004,wrn,3.5940041799436915,12.837777777777779,3.5871412963867186,12.889999999999999,71.96018267478614,32.08936722153599,93.3653956112559,84.28423831936632,766.6567323160842,159.63653008495294,2.8520144522190094,35.87141513824463,84.33
7,0.1,28.908406734466553,3.2967629432678223,wrn,3.447105860845609,14.942222222222224,3.5390035827636717,15.1,70.29820045398169,34.73474920826421,91.76829188728193,85.48881036513545,739.1872990961374,175.64909086338653,6.414537131786346,35.39003610610962,85.64
8,0.1,51.40469741821289,5.377758026123047,wrn,3.3001745607365263,17.82,3.329088739013672,17.65,72.69011044202611,42.25905225487505,91.05196347294797,84.14086217364905,686.8573568502642,169.48502891071482,6.489735841751099,33.290886878967285,84.23
9,0.1,14.870108604431152,1.7067325115203857,wrn,3.1372645131566306,20.39111111111111,3.42192490234375,18.61,70.59774291116884,36.87504038515014,90.0799138927586,83.84322398329033,696.9542348905546,195.97600945419947,9.234590083360672,34.21924591064453,84.03
10,0.1,13.043296813964844,1.0764012336730957,wrn,2.977202785963362,23.48888888888889,3.0268892456054686,23.97,73.24459291945614,50.35104170355591,88.13698913919981,80.42877811390241,597.3938373999514,179.4734402687206,5.643739923834801,30.268893241882324,80.51
11,0.1,31.513429403305054,4.228686571121216,wrn,2.82957862182097,26.171111111111113,2.9994809204101562,26.07,74.15014752600598,55.6878042337567,87.64282112440887,78.53374814013256,558.9812331925871,170.1623917543141,11.029860377311707,29.99480962753296,78.55
12,0.1,25.450554847717285,3.3839972019195557,wrn,2.671887783164328,29.188888888888886,2.641440399169922,31.64,74.53321228655612,60.85022580400147,84.60268560774358,80.2223522527794,490.71741607543424,171.21409690867932,7.086817920207977,26.414406299591064,80.35
13,0.1,20.155964136123657,1.6143431663513184,wrn,2.5143336430191994,32.31333333333333,2.712556140136719,31.31,74.33363173453803,61.82148832720128,84.10338704068998,81.93332362789344,489.9749788714715,166.6569217899167,8.524402976036072,27.125561237335205,82.06
14,0.1,30.02873682975769,2.9767472743988037,wrn,2.394119263372638,35.16444444444444,2.6058943908691408,34.28,75.26275903713714,64.38975359917139,83.68910194660383,78.04321363359708,454.2342847015345,164.03873872775253,10.056520998477936,26.058943271636963,78.38
15,0.1,32.92001509666443,2.2306840419769287,wrn,2.271768498488448,37.595555555555556,2.4588396240234376,37.22,75.75945203425249,67.1074484101263,82.20815950955925,78.40076457470532,419.8639871688339,159.9181556917117,9.182488173246384,24.588394165039062,78.45
16,0.1,24.939617395401,3.2367897033691406,wrn,2.157137279822068,40.48222222222223,2.278239813232422,40.63,76.76166239899119,72.79548909122929,80.10714620792459,78.97928246589187,369.3184045677212,141.55797486183087,7.724301517009735,22.782397270202637,79.13
17,0.1,30.176748275756836,3.3766677379608154,wrn,2.0550218275324865,42.806666666666665,2.1865038940429686,42.449999999999996,77.41830886032426,73.84397637036304,79.77936248611616,78.74891398783667,350.913334170959,139.14330365740602,10.753346979618073,21.865036487579346,78.96
18,0.1,29.063048601150513,1.314157247543335,wrn,1.9608842073516413,45.211111111111116,2.188923516845703,43.22,77.75808591869803,75.06071559510313,79.54754269659932,76.43536456498768,339.72455889048894,134.48280493831066,10.494473576545715,21.889235973358154,76.66
19,0.1,18.377470016479492,3.333678722381592,wrn,1.8780386871234938,46.85333333333334,2.060448748779297,45.6,78.88040989422085,78.265858239238,78.74775208193554,76.875,307.63305862291094,121.71274470020538,9.635448455810547,20.604488849639893,77.21
20,0.1,32.02320122718811,1.5283093452453613,wrn,1.8037141778252341,48.82,1.9736216186523436,45.85,79.69549627383041,78.83918535797277,79.6416613911948,74.57063711911357,302.125294794877,118.16129646533263,7.965639233589172,19.736218452453613,74.72
21,0.1,12.495266675949097,1.0736854076385498,wrn,1.7288481918248264,50.373333333333335,1.8801145629882812,49.72,79.62917117080791,80.83221628030397,76.90231906320697,76.65075576770087,268.9615928280833,113.58651632670625,6.9685570895671844,18.80114436149597,76.71
22,0.1,36.735644578933716,15.909863948822021,wrn,1.6686208701946519,52.01555555555556,2.088409686279297,46.47,78.13440600792968,77.8892761847147,77.70556967623294,78.4980384830936,305.01359166002567,125.84259063156833,12.475072592496872,20.88409662246704,78.67
23,0.1,24.229422330856323,1.1483376026153564,wrn,1.615196350284598,53.13777777777777,1.8258270446777343,50.63999999999999,79.7178169671319,81.80398532316751,76.16901829807261,74.209886547812,258.69045825109583,109.65940413935505,8.992955088615417,18.258270025253296,74.43
24,0.1,21.77982187271118,1.4562203884124756,wrn,1.5664115307683295,54.775555555555556,1.9520556030273437,49.8,79.31535704571274,80.89101021813404,76.91098101757933,74.7211155378486,268.6786692087204,113.86195978354752,11.993762850761414,19.520556926727295,75.08
25,0.1,11.69949221611023,1.0594813823699951,wrn,1.5255431075665085,55.666666666666664,1.8774148254394531,50.56,78.86086630706956,81.00795820908785,75.12722849472027,77.30582524271846,264.3178426964347,114.74181361361651,9.864362329244614,18.7741482257843,77.55
26,0.1,19.761520624160767,2.452207088470459,wrn,1.4887952574274756,56.608888888888885,1.9187219421386719,50.480000000000004,78.58919878055961,80.13112865627387,75.66220035385197,76.11066235864298,269.58750123527045,119.46523135806191,12.578710913658142,19.187220335006714,76.23
27,0.1,23.75364661216736,2.874779462814331,wrn,1.4547221826558763,57.40888888888889,2.0240104919433595,49.88,79.11195968488781,81.16365384044258,76.14693272103791,74.58100558659217,267.1414469347752,112.88181944469156,12.700492143630981,20.2401065826416,74.78
28,0.1,34.897366523742676,7.167781591415405,wrn,1.421162248673764,58.379999999999995,1.8957990417480468,50.5,79.43651365136513,81.60484811277323,76.01623658473979,75.13131313131312,260.8811387541233,110.89554785604577,11.59110888838768,18.957990407943726,75.45
29,0.1,30.101362228393555,1.1559350490570068,wrn,1.412288754501126,58.41777777777778,1.8216487670898438,53.23,79.52273308881693,82.90864601301972,73.92764845565245,77.44280521701945,238.9742525194478,106.91497357451111,12.782278656959534,18.216488361358643,77.55
30,0.1,18.158153295516968,5.740679740905762,wrn,1.3700534513389522,59.73333333333334,1.6728418853759766,55.37,80.61827444736447,85.05677454343586,73.96615403549522,73.26910150123236,215.08923684516046,96.09916652349592,9.232281893491745,16.72841787338257,73.47
31,0.1,13.686015844345093,1.0675609111785889,wrn,1.3569513434036211,60.04666666666667,1.8527309326171875,51.72,80.54927278744576,83.15738641742067,76.29115208840969,73.46727423363711,244.62838514161243,102.83160205568201,11.636383831501007,18.527311086654663,73.61
32,0.1,58.083892822265625,4.872587442398071,wrn,1.337971000170166,60.57555555555556,1.8608243682861327,52.83,79.99206538097188,83.64335575359799,74.61493536578494,75.11129955480178,236.73768865782134,102.14115065093063,12.0712511241436,18.60824227333069,75.28
33,0.1,12.585953950881958,1.308562994003296,wrn,1.319125727157701,61.24000000000001,1.772859732055664,53.779999999999994,81.1978911793307,84.58746567552487,75.75573334258785,73.02033751622675,225.20390698260144,96.58432518485846,10.655804723501205,17.72859811782837,73.06
34,0.1,50.51294755935669,1.212998628616333,wrn,1.3076583345166661,61.531111111111116,1.6599833648681641,55.38999999999999,81.37489665403305,85.54042927175927,74.33510859544683,73.2795337368303,211.5113308532944,92.63945086636573,9.352847188711166,16.599831581115723,73.48
35,0.1,14.683952808380127,1.2726092338562012,wrn,1.286340275948698,61.88888888888889,1.7257188659667968,55.489999999999995,79.93370190754544,84.28329229956515,73.22486231669888,74.02830824533812,219.4690339365972,101.18702291633846,11.959585547447205,17.257189750671387,74.19
36,0.1,26.689201831817627,5.89911961555481,wrn,1.2740194262428717,62.35333333333334,1.6325083587646485,56.31,80.66780089081958,85.45835198103144,73.19907489559876,74.34195468070497,208.15683530136653,94.64406541027937,7.951009273529053,16.32508397102356,74.46
37,0.1,27.247044801712036,1.43430757522583,wrn,1.2718788485296748,62.346666666666664,1.6806172576904297,56.779999999999994,81.06108535847704,85.77094415530647,73.35535147496822,73.04488662656178,203.67942068435335,92.84629132513989,11.549675464630127,16.80617332458496,73.3
38,0.1,12.295230865478516,20.817631006240845,wrn,1.2594837106086991,62.73777777777778,1.7949958709716798,53.33,80.22155351390413,83.63425205056653,74.78054770314611,73.85901007070923,233.76399386508157,102.33432422667865,12.974132597446442,17.94995903968811,74.05
39,0.1,37.85611939430237,1.5257620811462402,wrn,1.2344986628741026,63.42444444444445,1.7341083557128907,55.300000000000004,80.66929418951337,84.99364898901231,73.83976765949501,74.87695749440716,215.73525729763597,96.33095173290666,12.19291239976883,17.341082096099854,75.1
40,0.1,36.83558940887451,6.58689284324646,wrn,1.236852485855872,63.19777777777777,1.5670611785888673,57.989999999999995,81.61468998812434,86.75538437872221,73.2688481586392,71.88764579861939,191.77447083682418,87.66175125426464,9.763287007808685,15.67061185836792,72.24
41,0.1,21.930102586746216,1.1531052589416504,wrn,1.2284435895694927,63.702222222222225,1.80530615234375,54.22,82.00433036676137,85.74969315403145,76.8490583529577,70.57667103538662,215.76937823105584,89.86102761876336,14.051966369152069,18.05306077003479,70.84
42,0.1,27.219948053359985,2.5143401622772217,wrn,1.2133102891120044,63.82666666666667,1.6683508697509766,55.45,81.61013197803099,86.11958670159117,74.47465926666779,74.02918069584736,207.85224987255947,89.33450770286561,11.366675049066544,16.683508157730103,74.19
43,0.1,49.471049547195435,3.1635866165161133,wrn,1.204194404523481,64.12,1.5524727966308594,58.19,81.5343874915282,87.0805363570079,72.6419144684623,73.76225783305429,189.10998682932274,86.08362154254718,7.877207547426224,15.524728298187256,74.22
44,0.1,12.214416742324829,0.9574074745178223,wrn,1.1982861943542957,64.21555555555555,1.7386934326171875,56.269999999999996,81.85722394367005,86.37385669305142,75.04898374699115,70.02058083695404,201.99960468292383,88.25697346881579,13.777962327003479,17.38693356513977,70.25
45,0.1,37.604037046432495,1.98197603225708,wrn,1.1926723760976032,64.44222222222223,1.993649755859375,51.739999999999995,80.21735842975276,82.76511923040525,76.1573743127014,74.4301699129714,246.949366921072,105.28441029678176,16.26301109790802,19.93649959564209,74.62
46,0.1,11.815943717956543,2.279127836227417,wrn,1.1843010585077784,64.73777777777778,1.4802316223144532,60.050000000000004,82.28517120172071,88.31506596187326,72.20214587015512,71.53942428035045,172.74018309122087,79.49076188721119,9.08295065164566,14.802316427230835,71.64
47,0.1,18.276737689971924,2.3427212238311768,wrn,1.181159952316772,64.84666666666666,1.6313383850097656,57.440000000000005,81.84116320462542,86.86276820860206,73.59550120455312,75.21146616541353,193.59747813764253,86.46164579856422,10.235617309808731,16.313382387161255,75.45
48,0.1,11.772918939590454,0.9956543445587158,wrn,1.172374816103415,65.35777777777778,1.6534722869873046,56.99999999999999,81.02476948184415,86.25563732031006,73.37507584631153,74.23255813953489,199.96277398752247,90.37055733504093,11.877119541168213,16.534723043441772,74.3
49,0.1,11.61222767829895,1.0714690685272217,wrn,1.1669164345684377,65.36444444444444,1.650711996459961,57.28,81.82590072683237,86.86665779419107,73.52575738604344,74.13389513108615,194.35666363970714,86.33151399839676,11.940373480319977,16.507121324539185,74.3
50,0.1,28.891703605651855,4.049768686294556,wrn,1.1649226900190115,65.24222222222222,1.5397705474853516,59.4,81.63142508832163,87.50723008730164,72.32249535158617,71.72413793103448,180.9798545874861,84.3801746014644,10.030896216630936,15.397704839706421,71.87
51,0.1,11.90852952003479,1.4898762702941895,wrn,1.1552888314155014,65.29777777777778,1.5959648345947266,57.60999999999999,81.45079872022625,86.7656955647455,72.92610450062489,73.17763623496107,193.72792363524616,87.53210784989906,9.018860757350922,15.959649085998535,73.44
52,0.1,27.14918875694275,3.601923942565918,wrn,1.1517961297861554,65.74888888888889,1.7876611907958984,55.53,81.03610075746155,85.5547637973505,73.9918860509108,74.1173825050596,211.10453892879787,93.05797071770769,14.137572050094604,17.8766131401062,74.32
53,0.1,11.64331316947937,1.6025049686431885,wrn,1.1453244764019141,65.8111111111111,1.7470533599853515,56.169999999999995,81.5736557371569,86.39258546385351,73.83533154824364,74.08167921514945,202.7436457991937,88.42511683274809,12.538261711597443,17.470535039901733,74.45
54,0.1,15.020289659500122,1.7548761367797852,wrn,1.1388963337310336,66.10000000000001,1.6679523040771485,57.709999999999994,81.46492567533488,86.58823066566119,73.38287558920251,71.03334121541735,194.21783184969854,88.5726226834549,11.897729337215424,16.67952299118042,71.22
55,0.1,14.321396827697754,1.1080873012542725,wrn,1.1324878842993216,66.18444444444445,1.596067852783203,57.58,82.10916480672033,87.16675058787379,73.56716522233688,72.60726072607261,190.95139926044686,84.59006314342548,10.568486154079437,15.960677862167358,72.65
56,0.1,11.811070680618286,1.7595696449279785,wrn,1.1320260981605812,66.23555555555556,1.686139712524414,57.28,80.87312243686313,86.09967441249024,72.32966801300711,74.60205992509363,199.64673238358853,91.62158274227814,12.685492634773254,16.86139702796936,74.7
57,0.1,19.103710889816284,1.1368045806884766,wrn,1.1302238899198445,66.24,1.5297691833496094,59.21999999999999,81.8675166406376,87.69548815657913,72.7247800657993,70.89259440902403,180.45957227386967,82.91958552880313,10.173341631889343,15.297691822052002,71.24
58,0.1,12.349762201309204,1.0859904289245605,wrn,1.1224468004974453,66.66,1.5406906555175781,59.919999999999995,81.24983136197564,87.32315397991593,71.58320953211242,71.45708582834331,180.07145839879084,86.15763858884395,10.2444127202034,15.406906604766846,71.73
59,0.1,11.85156798362732,1.033740758895874,wrn,1.1170712255618789,66.71555555555555,1.894513330078125,54.21,79.74041483462817,83.23960340483335,74.16416368245197,73.24743393754095,231.84317958265365,105.87360771391302,15.357603132724762,18.94513249397278,73.4
60,0.1,19.57869863510132,1.0827140808105469,wrn,1.1134847407652573,66.79777777777778,1.5199977600097656,59.330000000000005,82.25894217251232,87.84060673070464,73.0043412567372,69.87951807228916,178.75518578303348,81.79048000524966,9.387923777103424,15.199977159500122,69.98
61,0.1,12.291562795639038,1.1170716285705566,wrn,1.1098922508006746,66.85333333333332,1.7316898345947265,56.169999999999995,81.37243361522182,86.00295690245572,74.07042456003904,73.35158567191421,205.07058132591033,90.75205235946471,13.755238056182861,17.316898107528687,73.56
62,0.1,12.060211896896362,4.82099723815918,wrn,1.1074600639668377,66.70666666666666,1.6615059051513672,57.37,81.3195810201248,86.67120530941853,72.98009965648289,73.07060755336617,195.54734534342225,88.02298581606485,13.738414645195007,16.615058183670044,73.21
63,0.1,15.096978425979614,1.0533921718597412,wrn,1.1057386061345988,66.85333333333332,1.6906540588378907,56.92,80.98203729223637,85.82908915905705,73.36350389025283,72.9108635097493,202.765458501185,92.72298504784257,12.386973202228546,16.90654158592224,73.33
64,0.1,12.350645303726196,2.0089659690856934,wrn,1.0899159957400777,67.40444444444445,1.5975494567871094,57.74,81.40935769481517,86.57790267233484,73.1547891786611,72.55087553241836,194.16985640151395,88.68949118787073,11.335159093141556,15.975494384765625,72.65
65,0.1,12.833862066268921,2.0418403148651123,wrn,1.087930424308235,67.18444444444445,1.616425506591797,57.620000000000005,81.7128981616059,86.99732155973813,73.21466881641902,72.06229353468618,192.12087362533686,85.9801965636675,11.202110350131989,16.16425633430481,72.37
66,0.1,15.285985708236694,1.0939109325408936,wrn,1.0929305089468306,67.2911111111111,1.6681725677490233,57.379999999999995,81.91988904189331,87.13928036006074,73.91261877971564,70.76489910839982,192.27012763280678,84.80132425733666,12.854097783565521,16.68172597885132,71.33
67,0.1,16.066237688064575,1.4038619995117188,wrn,1.0882045084779912,67.34666666666666,1.6443590454101562,58.29,82.0092137630287,87.43824475890419,73.32674112286387,73.48357707983698,186.12421877548698,83.63845139365291,12.754325568675995,16.44358992576599,73.56
68,0.1,14.535517692565918,1.3527696132659912,wrn,1.0740241113711486,67.9511111111111,1.5526056976318359,59.37,82.13659330758675,87.8994010362905,72.2047370955075,73.83706620723603,178.38352548677835,81.62750694253803,9.298577159643173,15.526056289672852,73.94
69,0.1,17.30273938179016,1.0773062705993652,wrn,1.07152021066709,68.04444444444444,1.7323095458984374,57.58,80.25288473867978,85.59685056706935,71.73295288647752,74.23385195662424,201.66332758684518,95.30199146982382,14.02403712272644,17.32309341430664,74.33
70,0.1,12.367700099945068,1.1045489311218262,wrn,1.0754168497567826,67.76666666666667,1.5308108856201172,59.77,82.24246886243152,88.46456824649135,72.29747872015014,72.50807854834702,173.21669992386649,78.53276127177419,11.117395013570786,15.308109521865845,72.93
71,0.1,17.87083673477173,5.271945238113403,wrn,1.0706739335913549,67.80000000000001,1.5989394317626953,58.89,81.41531533730786,87.0289936652809,72.03806912000637,72.65872050595962,186.25979620861497,86.98169195933123,12.813913822174072,15.989394187927246,72.93
72,0.1,11.960994243621826,1.0340604782104492,wrn,1.0706615796820684,67.69111111111111,1.6055305450439452,58.43000000000001,81.37436854529379,86.92142873938067,72.52391841337828,73.65888862160212,189.02911045266396,87.29729865378994,11.799973994493484,16.05530619621277,74.0
73,0.1,11.853783369064331,1.668501853942871,wrn,1.0582179508425973,68.37111111111112,1.5806984313964845,58.75,81.82054003868473,87.26038083230385,73.39269591677042,70.23030303030303,185.16369649293466,85.1426283591807,10.184521973133087,15.806984901428223,70.55
74,0.1,26.52354884147644,2.2340381145477295,wrn,1.062905888157812,67.99777777777778,1.5726966430664062,59.72,81.26773004241575,87.46080969377927,71.28597793254612,72.84011916583913,180.13985379598572,85.19837278895889,12.565751373767853,15.726964473724365,73.04
75,0.1,12.461048126220703,1.0101277828216553,wrn,1.0514911993999372,68.09333333333333,1.50393876953125,60.18,82.5837738750933,88.38453035327024,73.14877303900847,70.31642390758412,171.46532576675048,78.87748884508098,10.360140353441238,15.039386749267578,70.47
76,0.1,12.382638216018677,2.4562489986419678,wrn,1.0475336441939527,68.42666666666666,1.5959646942138672,59.29,82.17919457045106,87.88502800532608,72.86113921016985,71.30926062392533,178.76087334578136,81.58721065636179,11.295372247695923,15.959646701812744,71.41
77,0.1,22.235029458999634,4.100731134414673,wrn,1.0402845736931672,68.78888888888889,1.6317210479736328,57.709999999999994,82.95150092648973,88.03163358987179,74.9395821616216,70.08749113265547,184.6632342025111,79.01802503626746,11.196763813495636,16.317211389541626,70.21
78,0.1,11.798884630203247,1.0750470161437988,wrn,1.052492073991082,68.56444444444443,1.5149028991699218,59.75,81.68275682839992,87.86005414729065,71.84048716095229,73.09316770186335,177.30063196816405,82.5137265861057,10.385102778673172,15.149028301239014,73.19
79,0.1,13.792446613311768,1.4112839698791504,wrn,1.0352391893552109,68.85111111111111,1.7574607788085939,56.68,80.61283119956784,85.6808656612314,72.81759414952187,73.63804247460757,205.15723113596928,93.75723463263802,15.385140478610992,17.57460594177246,73.98
80,0.1,12.355282068252563,1.0402095317840576,wrn,1.0459160960533402,68.48444444444445,1.6001875244140624,58.97,82.13495082596516,87.92862878458179,73.02504728618283,70.53375578844748,180.03327849325777,81.17823021511548,12.658487260341644,16.001875400543213,70.75
81,0.1,12.070441484451294,1.077864646911621,wrn,1.0405397901142186,68.69111111111111,1.6039898071289063,58.160000000000004,81.69338933804286,87.14948892083298,73.32244424374582,71.9168260038241,188.68221515972218,85.49333552658261,12.270025908946991,16.03989839553833,71.96
82,0.1,11.669422149658203,1.5051121711730957,wrn,1.0376389060508122,68.77333333333333,1.710257275390625,56.699999999999996,80.9872999580467,85.74642108834034,73.46839370726408,73.67205542725173,204.2622237201325,92.97574168936882,12.619836628437042,17.102574110031128,73.72
83,0.1,18.826553344726562,2.8106720447540283,wrn,1.0292031941088764,68.79555555555555,1.5824964477539063,59.040000000000006,82.05041859531144,87.9742034104498,72.80753493893292,71.38671875,179.5757347757954,81.08997013863961,10.425569862127304,15.824965238571167,71.46
84,0.1,12.017133951187134,1.0599095821380615,wrn,1.0194373830136927,69.16666666666667,1.7041277679443358,57.38999999999999,81.0820851775704,86.02598466540655,73.4820035145118,71.74372213095518,199.2957615613945,91.8824969101365,13.416372239589691,17.04127788543701,71.86
85,0.1,12.774451732635498,2.096031427383423,wrn,1.0249200950969348,69.16222222222223,1.5973826629638672,58.050000000000004,82.08973399488131,87.28989462989082,74.09920058435226,71.72824791418356,188.1114501467086,84.32536003526143,11.273109167814255,15.97382664680481,72.16
86,0.1,12.16741943359375,1.0540916919708252,wrn,1.0204126203263348,69.26444444444444,1.593803729248047,59.81999999999999,83.39427399503971,88.92729032336032,74.00921062151184,68.96465903434544,169.19313971553598,74.76632514829431,12.9123255610466,15.938037633895874,69.09
87,0.1,11.79893684387207,1.1066374778747559,wrn,1.0199587588960475,69.11555555555555,1.6480103149414063,57.940000000000005,82.29748180968687,87.42026999948543,74.39510228482422,70.09034712315739,187.59280167276327,83.20741667176962,12.073267996311188,16.480103731155396,70.19
88,0.1,11.680423736572266,1.3305590152740479,wrn,1.009546267038042,69.47777777777779,1.566006182861328,60.41,82.65522591499135,88.64052400671912,72.6949440055274,69.13361960090933,168.8877404913544,77.46352327435274,13.02814781665802,15.660061836242676,69.26
89,0.1,30.79949164390564,2.236268997192383,wrn,1.0114735981280154,69.55777777777777,1.5156343627929687,60.589999999999996,82.18610626563566,88.5711688372064,71.43235890445756,71.47931996955089,168.9638291656631,78.44416089026335,10.11321097612381,15.156344175338745,71.71
90,0.1,11.631764888763428,2.703880786895752,wrn,1.0084262371740558,69.4711111111111,1.5888924407958984,59.699999999999996,82.2382653548969,88.11825865350849,72.43224115704544,70.89330024813896,175.50149631759479,80.45688117454716,12.505964934825897,15.888925790786743,71.59
91,0.1,19.615644216537476,1.0880906581878662,wrn,1.0072665429589422,69.57777777777778,1.5681490753173828,58.51,82.03966839567258,87.49992666321921,73.13494373885663,71.31838997348758,184.7082212528763,83.40573462344389,9.44291353225708,15.681489706039429,71.54
92,0.1,12.41359829902649,1.097752571105957,wrn,1.0022161753678864,69.72888888888889,1.5155764404296874,60.260000000000005,82.96836423142729,89.0602343271244,72.59189371277625,71.03673880221439,166.8644541649751,74.68234983248023,10.576068609952927,15.155763626098633,71.21
93,0.1,12.222249746322632,1.5078294277191162,wrn,0.9982461207969622,69.79111111111112,1.4912384582519531,60.99,83.11519670796297,89.44078610621062,72.54388476256725,71.87900538323507,161.26564713167784,72.73696560934295,11.511404812335968,14.912382364273071,71.9
94,0.1,23.410083770751953,3.544942617416382,wrn,0.9985350275581534,69.88222222222223,1.5375583557128907,60.01,81.84291323622442,87.89081740205063,72.19282014305944,70.21755438859715,175.78721762367482,82.33366611277543,12.768736481666565,15.375583171844482,70.32
95,0.1,11.156998634338379,1.092940092086792,wrn,0.993851444429972,70.11777777777777,1.5955357299804687,59.150000000000006,81.91214378315404,87.80610703390218,72.39304671985141,72.11750305997552,180.1246234351644,82.21748521109032,13.471275568008423,15.955359935760498,72.39
96,0.1,13.125361680984497,1.1139183044433594,wrn,0.9935510285537351,70.12888888888888,1.6823209197998046,57.04,81.69178013207758,86.65078005817234,73.7452556881893,72.90502793296089,196.86371418422263,87.49620478094441,12.720251083374023,16.823209524154663,73.0
97,0.1,12.139021396636963,1.0783183574676514,wrn,0.9918967634439468,70.01333333333334,1.5537667755126954,60.0,82.59456875,88.4961013040193,73.00352243258315,69.525,171.63159966146392,78.12697392105835,11.932963132858276,15.537668466567993,69.73
98,0.1,12.368415355682373,1.0341954231262207,wrn,0.9761440830135887,70.1711111111111,1.5849705627441406,58.77,82.13489931913716,87.63439962724168,73.20285375955247,71.5740965316517,182.62124210011683,82.7065157342648,10.593333840370178,15.84970474243164,71.87
99,0.1,17.58423376083374,1.6974506378173828,wrn,0.9802033692937006,70.62888888888888,1.502320281982422,61.650000000000006,81.859411596143,88.7262879411532,70.67702864906191,71.8122555410691,163.72249376242706,78.42166736930254,12.00578436255455,15.023202896118164,71.94
100,0.1,57.958879232406616,5.982668161392212,wrn,0.9834337366575544,70.27333333333333,1.512921029663086,61.019999999999996,82.4243210050318,88.74453606082314,71.83365351797605,70.6516162134428,165.84114476807284,77.46072755614911,10.684724897146225,15.129209756851196,70.93
101,0.1,12.226007223129272,1.111276388168335,wrn,0.970806199549274,70.48666666666666,1.3616586364746093,63.18,82.9797356096469,89.94031544107061,70.81782657990901,68.87561108093428,149.08070670789058,70.99214109791203,9.345154464244843,13.616584539413452,69.12
102,0.1,12.019564628601074,1.1119868755340576,wrn,0.9662260519848629,70.56888888888889,1.4909178649902344,60.97,81.75891664482529,88.33397958221924,70.79178052088857,72.17524980784013,169.05695543755002,80.42934906543314,10.559079796075821,14.909179210662842,72.28
103,0.1,11.538865804672241,1.7932977676391602,wrn,0.9659225116060539,70.64444444444445,1.506585986328125,60.67,81.53864606478608,88.16776009606019,70.07405910104924,72.48919399949149,171.57608394688995,81.45672002224791,8.871431648731232,15.065860748291016,72.79
104,0.1,57.246833086013794,5.42140007019043,wrn,0.9705857732756571,70.39777777777778,1.5257722595214844,60.3,82.64188503327192,88.73227231802421,72.71790648340874,70.20151133501258,168.87616790569874,76.89653150543455,11.908208578824997,15.25772213935852,70.4
105,0.1,12.533486127853394,1.1733717918395996,wrn,0.9590599892491644,71.04444444444444,1.5092471588134766,61.24000000000001,82.81695619393896,89.38948384694937,70.99920960887532,72.54901960784314,160.75402962725704,73.4563819748848,11.69126033782959,15.092471837997437,72.65
106,0.1,12.110921621322632,1.9291222095489502,wrn,0.9498513975942676,71.18666666666667,1.5246551055908204,60.29,81.70850458826993,88.08234185610053,70.57377141538099,73.25610677411231,173.58496444152217,81.55473594070011,11.435343325138092,15.246551036834717,73.53
107,0.1,52.37091422080994,5.2867066860198975,wrn,0.9547906712713566,71.22,1.4397579010009767,62.57,82.7408626943754,89.61798424572027,71.01167525206075,69.99732834624632,153.74931304265178,72.83019200797331,10.849176347255707,14.397578239440918,70.4
108,0.1,12.573406457901001,1.1385416984558105,wrn,0.9451532580635764,71.35777777777777,1.5556928070068359,59.85,82.51328612107271,88.62417709281969,72.756883782421,71.1332503113325,171.6559055309557,77.38316479044502,12.543538212776184,15.556929111480713,71.28
109,0.1,12.064775466918945,1.0804247856140137,wrn,0.9408802852373231,71.27333333333333,1.558887973022461,60.040000000000006,81.57426247033175,87.64792827040694,71.36892630712792,73.72372372372372,177.32030329782256,84.01987450320975,11.832962930202484,15.588878393173218,73.85
110,0.1,11.668147563934326,1.291569709777832,wrn,0.9416909151795235,71.46222222222222,1.4951468658447267,60.89,82.90277780635564,89.05205629110878,72.10791400980557,71.84863206341089,164.18834030054686,75.16437825358373,11.569997668266296,14.951467514038086,72.18
111,0.1,61.523256063461304,6.250683784484863,wrn,0.9395279748873278,71.40444444444445,1.441541732788086,62.13999999999999,82.84018960304857,89.48995690096851,71.72400510050154,70.68145800316957,156.25368162379712,73.30354887300747,9.81365293264389,14.415417909622192,70.97
112,0.1,12.498960018157959,1.1229217052459717,wrn,0.920372175052762,71.96444444444444,1.4947345397949219,60.77,83.17367217572465,89.23395849176825,73.03504549189583,70.63471832781035,163.38585882041542,73.76539206168634,13.030843436717987,14.94734525680542,70.79
113,0.1,12.445719957351685,1.0524559020996094,wrn,0.9368469589813189,71.52888888888889,1.472181524658203,61.51,82.67027871655905,89.27348666268789,71.57617236968588,70.2520135100026,160.35334438179106,74.37375142627373,11.85106411576271,14.721814393997192,70.36
114,0.1,12.699076652526855,27.040855884552002,wrn,0.9183932166885246,72.26444444444444,1.5206287719726563,62.13999999999999,82.6452707797654,89.34485338182839,70.62801065518839,72.05493924986793,157.30140184358177,74.35126909279211,13.612686097621918,15.20628809928894,72.5
115,0.1,46.59077262878418,5.0597522258758545,wrn,0.925204835832119,71.71777777777778,1.4047466735839844,62.7,83.66252763275482,90.27528189117129,71.45082757415634,69.75871313672923,148.55823425640264,68.2473132013613,9.20969545841217,14.047466516494751,69.95
116,0.1,13.016440153121948,2.109434127807617,wrn,0.9204535060985521,72.00222222222223,1.3799082794189452,63.959999999999994,83.17113559112623,90.33624022597078,70.08911811593357,70.03329633740289,143.40208836984274,68.84719418493007,9.307898581027985,13.799082040786743,70.09
117,0.1,49.113181591033936,3.6896166801452637,wrn,0.9072266580028967,72.32444444444445,1.6439264373779297,59.589999999999996,81.97110885449648,87.56393959696148,73.41759253822246,70.18064835436773,179.45118454546554,83.83813339694812,13.3377805352211,16.439263820648193,70.73
118,0.1,12.335047245025635,1.0693309307098389,wrn,0.9009060918946158,72.48,1.5174634735107422,61.12,83.16533377973305,89.21484053051019,72.42320109004842,68.72427983539094,161.97924893289832,74.0919812714482,11.62724494934082,15.174634456634521,68.96
119,0.1,13.145478248596191,1.9941532611846924,wrn,0.8998533641411499,72.45777777777778,1.5898747436523437,60.56,81.7768064327266,88.14633863566603,71.54039536450098,72.48985801217039,171.9374932258353,81.26743857158394,13.706329464912415,15.898746252059937,72.79
120,0.1,43.670557260513306,3.2437973022460938,wrn,0.8996873624961484,72.59333333333333,1.4393810638427735,63.190000000000005,81.93584984229956,89.37114735606148,69.21183401293943,73.56696549850584,153.39080522409154,75.34814993969502,10.759863257408142,14.393810033798218,73.84
121,0.1,12.00755524635315,1.050415277481079,wrn,0.8953961325301365,72.7688888888889,1.40633720703125,63.1,82.10058881888344,89.58965116888587,68.65108163872581,74.39024390243902,152.27886004261464,73.82244181683767,10.708574950695038,14.063371419906616,74.47
122,0.1,11.993317365646362,2.689316749572754,wrn,0.8957266167483546,72.74000000000001,1.490549984741211,61.42999999999999,82.32732189446824,88.91271393203819,71.28917150073116,70.67669172932331,163.14121320717146,76.77232344713985,10.66795215010643,14.905500411987305,70.75
123,0.1,52.704317808151245,2.6351473331451416,wrn,0.8917990631677888,72.97555555555556,1.4807130981445313,62.419999999999995,82.1968671256313,89.17631591736271,70.63069204138951,71.1016498137307,157.48713331351792,75.86288647011277,11.623144894838333,14.807131290435791,71.55
124,0.1,37.63392615318298,1.27601957321167,wrn,0.8751910018988631,73.2911111111111,1.472559051513672,62.07,82.585544730185,89.55634476594862,70.84526034016753,71.28921697864487,156.38734312520717,73.1037697578695,11.860695481300354,14.725589752197266,71.47
125,0.1,11.800568342208862,1.4467101097106934,wrn,0.8765282746065747,73.19777777777777,1.370733010864258,63.63999999999999,83.47279613253595,90.40208314381726,71.32655133561714,67.6017601760176,144.00760692994024,68.01457500471697,10.84054708480835,13.707330226898193,67.77
126,0.1,29.495326280593872,2.075716257095337,wrn,0.867090988565575,73.63333333333333,1.358391098022461,63.83,83.66820631471548,90.61355660945493,71.33898417248544,68.7862869781587,141.8154233148466,66.67822110830265,10.675698518753052,13.583911657333374,68.98
127,0.1,11.634882688522339,1.3446083068847656,wrn,0.8720821274275129,73.43333333333332,1.4051405364990235,63.85999999999999,83.76361475564545,90.8097040777264,71.12246489920912,69.4798007747648,140.4398955168524,65.43730688760176,11.19236946105957,14.051405191421509,69.62
128,0.1,18.42418885231018,1.1032054424285889,wrn,0.8587064722722227,73.69333333333333,1.4067644927978515,62.89,83.55483234361589,90.31961358038265,71.73328378408385,70.46618162220426,147.55618680132545,68.12932646473755,10.96256896853447,14.067645072937012,70.74
129,0.1,12.218393325805664,1.1663315296173096,wrn,0.8578900840472091,73.89555555555556,1.521302377319336,61.739999999999995,82.70510018659097,89.30566374147614,70.9408273542,70.15159435441714,159.17723164130743,74.31107589405927,13.167661428451538,15.21302580833435,70.28
130,0.1,12.182836294174194,2.3632802963256836,wrn,0.8465558759529482,74.14444444444445,1.370789715576172,64.79,82.65917251983875,90.28743756254678,68.8542498475856,71.17296222664015,140.80416554616582,69.90502091560735,11.118786036968231,13.707897663116455,71.66
131,0.1,23.58262276649475,1.1051151752471924,wrn,0.8361603490669619,74.18,1.4194430541992187,62.970000000000006,83.87595977680733,90.51529918193707,72.18090595374923,68.26897110450986,145.76412427479312,66.70778174283414,11.026649922132492,14.194430112838745,68.81
132,0.1,11.59371018409729,1.9681282043457031,wrn,0.8372302925722166,74.29333333333334,1.483621090698242,62.019999999999996,83.75150858434802,90.12854036614965,73.0410309338151,68.03580832016851,152.18260566801158,68.66037715826359,11.507748812437057,14.836211204528809,68.22
133,0.1,19.31737971305847,1.7913870811462402,wrn,0.8363655802201141,74.44666666666667,1.4243964477539062,62.69,83.05489665744734,90.02494218968758,71.127886592583,70.43688019297775,150.5630015863993,70.20539168261745,11.906442791223526,14.24396276473999,70.6
134,0.1,12.134788751602173,1.057692527770996,wrn,0.8294755078174851,74.64888888888889,1.41524189453125,63.260000000000005,83.06894961836737,90.15683682354447,70.71641459318559,69.81491562329886,147.38060515711223,69.65887918387057,11.081241071224213,14.152418375015259,70.06
135,0.1,13.264426946640015,5.171804189682007,wrn,0.8165816994045269,74.84444444444445,1.2935538970947265,65.9,83.86437951397076,91.30969258023805,69.90419430984582,67.0967741935484,129.318806565745,63.14272617782102,9.39541757106781,12.935539484024048,67.45
136,0.1,28.902101516723633,1.0416207313537598,wrn,0.8168266735632311,74.99777777777777,1.3644864685058593,64.28,84.2116913440707,91.21583580434829,71.59727528000634,68.19708846584547,135.90699489433467,62.77422837668611,11.044774949550629,13.64486575126648,68.25
137,0.1,11.620350360870361,1.101898431777954,wrn,0.7970532630993561,75.42,1.3642919982910156,64.39,83.58594703304888,90.72789349274314,70.86470650561157,68.99747262005054,138.92840913647845,66.28081577010617,10.378289222717285,13.64292025566101,69.36
138,0.1,24.71015191078186,1.1623141765594482,wrn,0.8054231202060526,75.19333333333333,1.3974773986816407,63.2,84.12302860140342,90.81428965639167,71.9382500721941,69.86413043478261,142.82584790953203,64.82908712542876,11.483101546764374,13.97477388381958,70.14
139,0.1,12.204035520553589,2.1336848735809326,wrn,0.7929068675095384,75.66444444444444,1.420109033203125,63.39,83.23462853726657,90.26427006528208,70.3414496889796,71.07347719202404,146.07148978115148,68.94372102332063,11.75888106226921,14.201090335845947,71.24
140,0.1,32.77853536605835,1.3134353160858154,wrn,0.7785837247290395,76.18444444444444,1.363428323364258,64.94,83.5480172930702,90.89844563857145,70.52197789172278,68.05476326297776,135.75621235934403,65.50636106146047,10.946255177259445,13.634283542633057,68.2
141,0.1,11.622647523880005,1.0411176681518555,wrn,0.7784820480102842,75.96222222222222,1.366329150390625,63.959999999999994,83.98949919448823,90.72316061841425,72.3752725788992,66.53718091009989,140.35874222709853,65.80384804218586,10.417657345533371,13.663290739059448,66.73
142,0.1,18.659623622894287,2.2147605419158936,wrn,0.7731624492867426,76.24888888888889,1.4314450561523437,63.57000000000001,83.07414613289062,90.1264836767835,70.33198738415966,70.98545155091958,146.33019402559404,70.02042739337838,12.280909717082977,14.314450025558472,71.07
143,0.1,15.892714262008667,1.0797836780548096,wrn,0.7607289836318656,76.5111111111111,1.2317288543701173,66.77,84.68270734679633,92.1416916587984,70.63734910683367,66.8973818838399,120.2605250664053,57.65544399700352,9.193115681409836,12.317290306091309,67.11
144,0.1,11.926812648773193,1.209226369857788,wrn,0.7446970635686408,77.07555555555555,1.3826441131591798,64.77000000000001,83.54181794213994,90.79732415258484,70.71520285265235,69.5146182231053,137.05808410031617,66.07210481451442,12.079941481351852,13.826441764831543,69.88
145,0.1,22.09278678894043,1.0951695442199707,wrn,0.7433930278163065,77.02222222222223,1.2957131622314453,66.2,84.02642610700941,91.49601561842127,69.28952435913965,68.25443786982248,126.91529001030707,61.983486666182394,10.282745957374573,12.957130670547485,68.58
146,0.1,12.317399740219116,1.018561601638794,wrn,0.7440006979317828,77.06,1.272678887939453,67.17999999999999,84.081872597453,91.95123368308404,68.87560581904893,67.24558196221815,120.37701601620901,59.41542950809911,10.85471510887146,12.726788520812988,67.37
147,0.1,12.399931192398071,3.7668163776397705,wrn,0.7217615855519067,77.66666666666666,1.264126351928711,66.71000000000001,83.9287205881512,91.82357299440585,68.96477117210291,69.63051967557826,123.01850392325372,60.1708034060475,10.088292509317398,12.641264200210571,69.81
148,0.1,20.071197986602783,1.0868113040924072,wrn,0.7154449265958234,77.99333333333334,1.3392625,65.77,84.35123755439675,91.74213363017081,70.41668304123479,68.9161554192229,126.74750493101303,60.028000185449876,11.723087728023529,13.392624855041504,69.35
149,0.1,12.386078119277954,1.047471046447754,wrn,0.7110562247478149,78.05555555555556,1.2763854431152344,66.66,84.93642405632285,92.29419791457263,70.21535153714684,68.41631673665267,119.5530146912578,56.50271908938238,10.590837895870209,12.763855457305908,68.66
150,0.1,18.100436687469482,2.9109954833984375,wrn,0.6892818860201673,78.61111111111111,1.275163491821289,66.51,84.84744389686021,92.19894269906625,70.6797794379434,66.28844431173485,120.72934917925426,57.06901697164489,10.838975012302399,12.751634120941162,66.35
151,0.1,13.114264726638794,1.0588674545288086,wrn,0.6879848519509489,78.46,1.3033015350341797,66.51,84.75771900933451,92.15234183149691,70.1575586281493,66.58704090773365,121.12251385008992,57.46218164248056,10.401619225740433,13.033015727996826,66.68
152,0.1,11.750026941299438,2.065743923187256,wrn,0.6779819048771804,78.80666666666667,1.2406110626220703,67.88,84.50439011852283,92.40896205168887,68.92098134229128,68.74221668742216,114.66572798297808,56.45236051123631,9.89617258310318,12.406110763549805,68.84
153,0.1,15.705899953842163,3.209078550338745,wrn,0.6767219923944636,78.93333333333334,1.38975380859375,64.82,84.05444148566224,91.25748024142102,70.97449101930178,66.96986924388857,133.63619176788205,62.867183367536164,12.52790093421936,13.897539377212524,67.11
154,0.1,15.56950855255127,1.1499674320220947,wrn,0.6511117426509206,79.8288888888889,1.2675037841796875,67.02,84.71190320169084,92.43814609040642,69.09807662312026,68.95087932080048,117.48168706541333,55.88172235103021,10.987542569637299,12.675038576126099,69.07
155,0.1,11.749972343444824,1.2083864212036133,wrn,0.6426143194125458,80.0,1.2812722869873048,68.11,84.66008885060823,92.47275630862254,69.49294613255941,65.00470366886171,113.34888784008236,56.022714294598444,11.58815398812294,12.812724113464355,65.13
156,0.1,17.716493844985962,2.050626277923584,wrn,0.6329111336645755,80.29555555555555,1.3362916107177734,66.81,83.24107086606219,91.34182914410434,67.47332453536605,70.53329316059053,126.20416025532225,63.76052591879852,12.819363176822662,13.362915515899658,70.68
157,0.1,12.114232778549194,1.0032920837402344,wrn,0.6212202304635536,80.77555555555556,1.2763035400390625,67.65,85.03216505538667,92.72385254995584,69.60725627461896,67.63523956723338,113.12805439186711,54.01969981454773,11.084640771150589,12.763034105300903,68.01
158,0.1,12.365143537521362,3.1857361793518066,wrn,0.6037097622386434,81.20444444444445,1.2596964416503906,67.46,85.08478287846052,92.69401019395748,69.32488246699484,67.33251382913338,113.98696794754409,54.13337934434858,11.010366678237915,12.596964836120605,67.7
159,0.1,17.50193452835083,1.88441801071167,wrn,0.5882109326564453,81.64666666666666,1.256166439819336,68.75,84.84062952727271,92.81615043452155,68.41223673807563,67.808,108.81170129226638,53.913447783236215,11.623366922140121,12.561664581298828,68.0
160,0.1,12.082273006439209,1.0738756656646729,wrn,0.5769309481097893,81.94888888888889,1.213119189453125,69.12,84.89551943155105,93.03495496622085,67.99234108879256,67.9080310880829,106.0871837566056,52.565357460077244,10.943728685379028,12.131191492080688,68.13
161,0.1,14.579299926757812,1.6578426361083984,wrn,0.5643976588987492,82.2488888888889,1.1689745727539063,69.55,85.2044848480556,93.30443684650437,68.11022713737351,67.02791461412151,102.69785610277998,50.75078423154372,9.888800978660583,11.689746379852295,67.36
162,0.1,15.002897024154663,1.1816959381103516,wrn,0.5624455011195757,82.32666666666667,1.2520860748291016,68.5,84.34026416405979,92.49677286068957,68.1122302073003,67.96825396825396,112.0537147499159,56.2141766430554,11.440610885620117,12.520860433578491,68.19
163,0.1,11.964249849319458,1.0479824542999268,wrn,0.532554686746814,83.34,1.2608478820800781,68.08,84.75768823130093,92.54880989291462,69.11432846273722,67.91979949874687,112.91613411031923,55.47468064331899,11.216418445110321,12.608479261398315,68.39
164,0.1,11.651538133621216,1.1703073978424072,wrn,0.526068156669763,83.58666666666666,1.2033685211181642,69.3,85.09025104464844,93.13152427446182,67.97247282546502,67.88273615635178,104.75081671409485,51.89143561011288,10.793118178844452,12.033684253692627,68.37
165,0.1,21.871331214904785,1.0864324569702148,wrn,0.5176187608052384,83.72,1.1917057525634767,70.04,85.09868288119168,93.33759226805972,67.63470802192629,66.75567423230974,100.89962271454326,50.71463918527963,10.906364023685455,11.917057037353516,66.79
166,0.1,11.917897939682007,1.0567355155944824,wrn,0.4893725271844728,84.82666666666667,1.216987628173828,69.44,85.07843035985717,93.13616362331713,67.58921267002961,67.57198952879581,104.2551033282646,51.90772442590069,12.097229063510895,12.169877290725708,67.77
167,0.1,17.824809551239014,1.2540698051452637,wrn,0.4685945302586664,85.34,1.195530889892578,70.02000000000001,85.37081466669487,93.38394337896673,68.10732138849977,65.31020680453635,100.50859537872067,50.25236255591325,11.583119630813599,11.95530891418457,65.81
168,0.1,12.373520851135254,1.110241174697876,wrn,0.46621927593580703,85.43555555555555,1.1668334625244141,70.0,85.54307619047619,93.70464001230458,67.37924572945553,69.26666666666667,98.38356882612985,48.05602958324255,11.038544774055481,11.668335199356079,69.33
169,0.1,11.77069878578186,0.9927310943603516,wrn,0.45126196344129066,86.01111111111112,1.1890410339355468,70.32000000000001,84.85728698073345,93.29437507341216,65.9741591039269,67.9245283018868,100.45321142881096,51.259728840985524,11.939403414726257,11.89041018486023,68.19
170,0.1,11.453340768814087,1.4641735553741455,wrn,0.42742957280610094,86.64888888888889,1.1490210388183595,70.94,85.90991078217957,93.89923591542994,67.82039479344965,66.17343427391603,93.8782746767416,46.840646251013055,11.555875837802887,11.490211486816406,66.52
171,0.1,17.938021421432495,1.1744749546051025,wrn,0.4034865012561733,87.36444444444444,1.1681087921142579,71.11,85.26872669690759,93.71942263965173,67.26158027954187,64.797507788162,94.82431527418404,48.368322293277934,11.679928004741669,11.681088209152222,64.94
172,0.1,12.172446012496948,1.0151851177215576,wrn,0.3864010119048709,87.82222222222222,1.1439475830078125,71.73,86.20743560864345,94.31435029686584,68.14352845708648,66.53696498054474,88.4077530824815,44.03865148150593,11.657825857400894,11.439476013183594,66.71
173,0.1,14.623061895370483,1.76483154296875,wrn,0.3750263816592368,88.24888888888889,1.1595996887207032,71.17,86.09777140038477,94.13643199616031,68.4895559730941,64.8976760319112,91.4065812373966,45.15490052595458,11.6070955991745,11.595996618270874,65.11
174,0.1,12.841410875320435,1.114363431930542,wrn,0.35230578046122735,88.96444444444444,1.1906231323242187,71.12,85.36265274016995,93.73675435985072,66.36797797565025,68.04016620498615,94.66720202960946,48.245296238882325,12.39907369017601,11.906230449676514,68.28
175,0.1,11.601403951644897,1.0153172016143799,wrn,0.3371576768854125,89.63333333333333,1.143041650390625,72.39,85.43664320977777,94.13803836311907,64.94948934585844,67.65664614270192,88.00454502995737,45.798095630710954,11.555588245391846,11.43041729927063,67.84
176,0.1,11.608803033828735,1.6273231506347656,wrn,0.31161523004993796,90.26666666666667,1.1605169982910157,71.88,85.51610189180482,94.0014782280226,66.45735226973348,67.70981507823613,90.4351992034307,46.56292198691124,12.017261981964111,11.605169773101807,67.78
177,0.1,14.584714651107788,2.4869298934936523,wrn,0.29323175054212863,90.96666666666667,1.1322266021728515,72.68,85.87732854503304,94.3806662983273,66.69339905887865,64.53147877013177,85.24538014396863,43.970125523984535,12.014944106340408,11.322265863418579,64.82
178,0.1,13.08201265335083,1.0800588130950928,wrn,0.27410642722282896,91.56888888888889,1.092636181640625,73.72999999999999,85.6987792422181,94.62505535863802,64.65096996506001,67.75789874381424,80.59929591426085,42.59914914653098,10.940815508365631,10.926361083984375,68.37
179,0.1,12.202016115188599,1.4251787662506104,wrn,0.2622455428566106,92.07777777777778,1.1508572326660156,72.84,85.94211625698871,94.48231669139085,65.94062301580502,65.68483063328424,84.04892463792437,43.28247647205794,12.542331218719482,11.508572101593018,65.72
180,0.1,14.529083490371704,1.040205955505371,wrn,0.2421900677410039,92.73333333333333,1.1684379638671876,72.45,85.2657230282102,93.95741826785344,65.45900703844775,66.17059891107078,89.13833022437453,47.125493451278835,12.709793448448181,11.684379577636719,66.39
181,0.1,12.687928199768066,1.0890603065490723,wrn,0.22928975253704598,93.10222222222222,1.123790350341797,73.48,86.1057887310529,94.71607093145681,65.59709236293158,66.51583710407239,80.48628221894515,41.71999118007429,12.341176718473434,11.237902641296387,66.78
182,0.1,11.861357927322388,3.1195638179779053,wrn,0.20329581486823206,94.01333333333334,1.1074329132080079,74.00999999999999,86.14631956758025,94.77031543594732,66.30479840015579,63.793766833397456,78.56289245201373,41.41076486494166,11.940175294876099,11.074329614639282,64.06
183,0.1,15.208077192306519,2.6580123901367188,wrn,0.18708366403271529,94.46666666666667,1.0668048583984375,74.74,86.70352815598693,95.17614315003965,65.71018443892642,63.57878068091844,73.49021281398495,38.49928188103012,11.47674024105072,10.668048858642578,63.9
184,0.1,12.579882383346558,1.0997769832611084,wrn,0.17599729626354846,95.00666666666666,1.0824446716308593,74.74,86.52259212247218,95.18083035320899,65.3659198049124,64.76642913697546,73.52654877603113,38.53561784307631,11.584899574518204,10.824446678161621,64.89
185,0.1,12.857561826705933,1.1877002716064453,wrn,0.15650399854745378,95.58888888888889,1.0769669158935546,74.75,86.45307195602503,95.03156364315812,65.03655852671952,62.257425742574256,74.5708174732554,39.60899532693378,12.069857865571976,10.769668817520142,62.5
186,0.1,11.79163384437561,1.1213483810424805,wrn,0.14705801295878534,95.98222222222222,1.0801477294921875,75.22,86.37194227575438,95.16805300331465,64.93593013292059,65.77885391444713,72.38477854018447,38.77600992209125,11.736953258514404,10.801476240158081,66.79
187,0.1,11.969447135925293,1.0020334720611572,wrn,0.13368020036300135,96.40888888888888,1.0746105255126952,75.17,86.8618967633627,95.30561088641298,65.33322179266467,63.35078534031413,71.33803257082461,37.586721220217775,11.92561537027359,10.746104717254639,63.79
188,0.1,12.001715183258057,1.0637288093566895,wrn,0.1226116413123567,96.82888888888888,1.0671670959472657,75.39,86.72400200523039,95.29417352410091,65.18978432467004,63.7545713124746,70.88720963150602,37.7606015833481,11.832910776138306,10.67167043685913,64.08
189,0.1,76.56811213493347,7.651757478713989,wrn,0.11214817226441069,97.03777777777778,1.0649358612060547,75.39,86.97970876513239,95.33842800589193,66.38018534205858,62.1292157659488,70.47949709510318,37.35288904694525,11.939391493797302,10.649358034133911,62.78
190,0.1,19.129940509796143,1.070552110671997,wrn,0.10647732057523998,97.31111111111112,1.0568535552978515,75.52,87.30105798057217,95.48966828144296,67.08290712587545,60.74346405228758,68.91267073361692,36.15218670033593,11.879600584506989,10.568535327911377,61.27
191,0.1,50.197285652160645,6.861677169799805,wrn,0.09704580923161385,97.58666666666667,1.065354998779297,75.56,86.77251048147644,95.31886593690308,65.04105713648833,63.50245499181669,70.26005924004087,37.611778358914535,11.860083043575287,10.653549432754517,63.63
192,0.1,32.30002212524414,1.2156944274902344,wrn,0.09376878881911663,97.70444444444445,1.0592377716064454,75.75,86.97817427103534,95.42134735756112,65.15223026732225,63.83505154639175,68.96078528379824,36.842579544747416,11.986395716667175,10.592377185821533,64.04
193,0.1,16.76757049560547,1.129051685333252,wrn,0.08669189574323934,97.95777777777778,1.0621538665771484,75.75,86.93923990337179,95.40422787142171,64.73974590381776,62.639175257731964,69.09376252040275,36.97555678135192,11.904439330101013,10.62153697013855,62.97
194,0.1,14.497793436050415,12.980337858200073,wrn,0.08393577924421565,98.07333333333334,1.059216876220703,75.64999999999999,87.15592856435194,95.4504692440361,65.82668756568673,62.13552361396304,68.93009055287897,36.533492715573075,11.877286434173584,10.59216856956482,62.46
195,0.1,35.80931353569031,3.3950788974761963,wrn,0.07932196564930068,98.24666666666667,1.060194546508789,75.77000000000001,87.14984543607898,95.50568502635193,65.16914675178558,62.443252166735455,68.22248516556671,36.15979937451873,12.017358839511871,10.601944923400879,62.65
196,0.1,16.274146556854248,2.5764565467834473,wrn,0.07841934834141284,98.24888888888889,1.054543667602539,75.72,87.20371745901618,95.49825463011213,65.82006768896922,62.067545304777596,68.38834409676599,36.18675942145115,11.990267038345337,10.545434951782227,62.23
197,0.1,30.354563236236572,3.295013189315796,wrn,0.07584147230425681,98.35555555555555,1.0589212219238282,75.76,87.21088623183859,95.53368561838712,65.95745099917092,62.541254125412536,68.02535292253046,35.93491375726988,12.117655575275421,10.58921217918396,63.08
198,0.1,12.208493709564209,1.0658364295959473,wrn,0.07178860983218659,98.49111111111111,1.0542078582763672,75.71,87.34704900647141,95.54708357121102,66.27064819183467,61.50679291889667,68.00877518722999,35.77937112238448,12.17094287276268,10.542078018188477,62.04
199,0.1,25.245095252990723,14.887413024902344,wrn,0.07519736488095739,98.35555555555555,1.0566937896728517,75.64,87.46954287833042,95.57019859383928,66.77027353207785,60.591133004926114,67.9679921724679,35.54348245091005,12.175989151000977,10.566937923431396,61.29
200,0.1,45.35909342765808,5.788820028305054,wrn,0.07530772496035999,98.36444444444444,1.062449642944336,75.79,87.19102474450726,95.50768454424312,65.91846253802524,61.83395291201983,68.13771837556702,36.13049974117906,12.062287330627441,10.624496936798096,61.96
